Дата,Максимальная температура,Минимальная температура,Средняя температура,Атмосферное давление,Скорость ветра,Осадки,Эффективная температура,mean_ndvi
2017-01-04,1.0,-1.0,-0.1,1006.7,2.0,0.0,-3.0,0.029765239893287027
2017-01-05,7.3,0.9,3.6,1003.1,3.0,0.0,0.2,0.029765239893287027
2017-01-06,8.7,3.8,6.2,1004.7,2.0,0.0,3.7,0.029765239893287027
2017-01-07,8.3,-1.1,2.6,999.3,2.0,0.0,-0.2,0.029765239893287027
2017-01-08,2.3,-1.4,0.7,1002.9,2.0,0.0,-2.1,0.029765239893287027
2017-01-09,3.2,0.8,1.9,1006.4,3.0,0.0,-1.5,0.029765239893287027
2017-01-10,2.7,-0.5,1.2,1014.5,1.0,0.0,-1.0,0.029765239893287027
2017-01-11,3.5,-1.0,0.8,1015.2,3.0,0.0,-2.8,0.029765239893287027
2017-01-12,7.7,-1.7,3.1,1006.6,3.0,0.0,-0.3,0.029765239893287027
2017-01-13,2.3,-3.8,-0.9,1009.5,2.0,0.0,-4.0,0.029765239893287027
2017-01-14,5.6,-3.9,1.0,1009.5,4.0,0.0,-3.3,0.029765239893287027
2017-01-15,5.8,-0.3,2.0,1007.6,3.0,0.0,-1.5,
2017-01-16,4.1,-0.8,1.7,1012.0,1.0,1.0,-0.4,
2017-01-17,3.3,1.2,2.2,1015.5,3.0,5.0,-1.1,
2017-01-18,2.3,-2.5,0.0,1018.9,5.0,0.0,-4.9,
2017-01-19,-3.1,-7.3,-4.4,1022.9,4.0,0.0,-9.2,
2017-01-20,-4.8,-7.3,-5.8,1020.5,2.0,0.0,-9.4,
2017-01-21,1.6,-6.5,-1.4,1014.1,5.0,0.0,-6.5,
2017-01-22,2.3,-4.2,-1.1,1018.6,2.0,1.0,-4.2,
2017-01-23,2.5,-5.2,-1.7,1021.5,3.0,0.0,-5.6,
2017-01-24,4.8,-6.7,-0.7,1013.3,1.0,0.0,-3.3,0.030117770914735487
2017-01-25,1.0,-2.6,-0.6,1004.7,2.0,0.0,-3.7,0.030117770914735487
2017-01-26,-2.1,-7.5,-4.8,1009.3,1.0,2.0,-7.6,0.030117770914735487
2017-01-27,-9.0,-14.6,-10.9,1014.0,1.0,0.0,-14.3,0.030117770914735487
2017-01-28,-5.6,-16.4,-9.8,1014.8,1.0,0.0,-13.1,0.030117770914735487
2017-01-29,-5.1,-15.6,-11.1,1016.1,3.0,1.0,-15.8,0.030117770914735487
2017-01-30,-11.6,-16.3,-14.3,1023.5,3.0,1.0,-19.2,0.030117770914735487
2017-01-31,-9.6,-16.5,-13.1,1022.0,2.0,0.0,-17.3,0.030117770914735487
2017-02-01,-6.9,-18.6,-11.6,1020.3,2.0,0.0,-15.7,0.030117770914735487
2017-02-02,-2.0,-9.3,-4.7,1018.5,2.0,2.0,-8.1,0.030117770914735487
2017-02-03,-0.5,-3.9,-2.2,1017.5,2.0,1.0,-5.4,0.030117770914735487
2017-02-03,-0.5,-3.9,-2.2,1017.5,2.0,1.0,-5.4,0.054331687097104765
2017-02-04,3.7,-1.8,2.4,1008.9,3.0,1.0,-1.1,0.054331687097104765
2017-02-05,9.7,2.5,6.8,1003.9,3.0,1.0,3.9,0.054331687097104765
2017-02-06,8.2,-0.4,4.6,1005.5,3.0,8.0,1.7,0.054331687097104765
2017-02-07,-1.6,-9.1,-5.0,1015.4,4.0,5.0,-9.8,0.054331687097104765
2017-02-08,-7.5,-13.1,-9.7,1020.9,5.0,3.0,-15.6,0.054331687097104765
2017-02-09,-6.0,-14.8,-10.6,1022.4,5.0,0.0,-16.6,0.054331687097104765
2017-02-10,-4.5,-12.7,-9.0,1023.2,4.0,0.0,-14.2,0.054331687097104765
2017-02-11,-4.8,-13.5,-8.4,1022.4,3.0,0.0,-12.9,0.054331687097104765
2017-02-12,-1.6,-7.5,-4.9,1024.7,2.0,0.0,-8.4,0.054331687097104765
2017-02-13,-1.4,-8.9,-5.2,1022.5,1.0,0.0,-8.1,0.054331687097104765
2017-02-13,-1.4,-8.9,-5.2,1022.5,1.0,0.0,-8.1,0.03186296311928816
2017-02-14,-0.8,-6.5,-3.3,1010.7,4.0,0.0,-8.0,0.03186296311928816
2017-02-15,1.2,-7.1,-2.8,1006.5,2.0,7.0,-6.1,0.03186296311928816
2017-02-16,-2.6,-11.5,-5.9,1017.5,2.0,0.0,-9.5,0.03186296311928816
2017-02-17,-3.5,-17.7,-10.7,1021.1,1.0,0.0,-14.1,0.03186296311928816
2017-02-18,1.4,-12.4,-3.8,1017.2,2.0,0.0,-7.3,0.03186296311928816
2017-02-19,5.5,-5.4,0.5,1018.5,1.0,0.0,-2.0,0.03186296311928816
2017-02-20,8.6,-2.7,3.2,1013.4,1.0,0.0,0.9,0.03186296311928816
2017-02-21,8.8,0.1,4.4,1004.4,3.0,0.0,1.1,0.03186296311928816
2017-02-22,8.2,1.9,4.2,999.5,3.0,5.0,1.1,0.03186296311928816
2017-02-23,7.9,1.2,5.2,1000.2,5.0,5.0,0.9,0.03186296311928816
2017-02-24,14.8,5.4,9.4,1002.8,3.0,5.0,6.7,
2017-02-25,14.0,0.6,10.1,1003.3,5.0,0.0,6.2,
2017-02-26,5.3,-2.2,1.2,1015.7,3.0,7.0,-2.5,
2017-02-27,5.7,-0.7,2.0,1013.9,1.0,0.0,-0.4,
2017-02-28,12.0,-3.0,5.3,1013.3,2.0,0.0,2.5,
2017-03-01,18.6,1.7,9.3,1008.4,3.0,0.0,6.3,
2017-03-02,12.3,3.7,7.7,1003.9,3.0,0.0,4.8,
2017-03-03,17.7,3.1,9.8,1004.1,2.0,0.0,7.8,
2017-03-04,12.4,4.7,7.7,1013.2,2.0,1.0,5.5,
2017-03-05,13.9,0.3,7.5,1018.4,2.0,0.0,5.0,0.13398694154166324
2017-03-06,18.1,2.1,8.5,1010.1,3.0,0.0,5.4,0.13398694154166324
2017-03-07,14.6,1.0,6.8,1007.4,3.0,0.0,3.7,0.13398694154166324
2017-03-08,13.7,2.5,8.6,1010.9,5.0,0.0,4.3,0.13398694154166324
2017-03-09,15.8,2.1,8.7,1012.0,4.0,0.0,4.9,0.13398694154166324
2017-03-10,16.0,1.7,8.1,1007.1,4.0,0.0,4.4,0.13398694154166324
2017-03-11,10.9,5.0,7.1,1002.7,5.0,0.0,2.8,0.13398694154166324
2017-03-12,14.6,3.4,8.1,1003.4,3.0,0.0,5.1,0.13398694154166324
2017-03-13,11.1,4.2,7.4,1005.0,4.0,0.0,3.8,0.13398694154166324
2017-03-14,8.7,4.2,6.3,1006.2,2.0,0.0,4.0,0.13398694154166324
2017-03-15,10.6,4.1,6.8,1005.6,3.0,1.0,3.9,0.13398694154166324
2017-03-16,8.8,5.1,6.4,1003.8,2.0,2.0,4.3,
2017-03-17,10.6,4.5,6.8,1004.6,2.0,1.0,4.6,
2017-03-18,9.4,2.2,6.6,1002.7,2.0,1.0,4.4,
2017-03-19,10.0,2.0,6.7,999.0,3.0,0.0,3.8,
2017-03-20,9.3,3.0,5.6,998.2,2.0,2.0,3.4,
2017-03-21,9.1,0.9,4.0,1005.1,2.0,3.0,1.5,
2017-03-22,8.2,1.1,5.1,1009.3,2.0,0.0,2.8,
2017-03-23,12.1,1.0,6.3,1013.9,1.0,0.0,4.6,
2017-03-24,15.8,0.2,8.7,1014.8,1.0,0.0,7.1,
2017-03-25,9.2,2.0,6.1,1008.0,3.0,4.0,3.3,0.057931685256756904
2017-03-26,8.3,2.0,5.1,1005.8,1.0,2.0,3.5,0.057931685256756904
2017-03-27,9.2,3.6,5.8,1003.6,3.0,4.0,2.7,0.057931685256756904
2017-03-28,12.0,2.2,7.7,1003.7,6.0,0.0,2.8,0.057931685256756904
2017-03-29,15.4,6.4,10.2,1008.6,5.0,0.0,5.9,0.057931685256756904
2017-03-30,18.6,4.2,11.1,1007.3,4.0,0.0,7.5,0.057931685256756904
2017-03-31,8.3,-2.8,3.3,1019.1,4.0,0.0,-1.1,0.057931685256756904
2017-04-27,22.5,5.5,14.6,1013.8,3.0,0.0,11.9,0.5172333105689959
2017-04-28,20.7,6.2,13.0,1010.0,1.0,0.0,12.0,0.5172333105689959
2017-04-29,25.0,5.5,15.6,1008.0,1.0,0.0,14.7,0.5172333105689959
2017-05-23,16.3,12.2,14.3,1005.2,2.0,0.0,13.4,0.48698672430712303
2017-05-29,25.4,10.6,19.6,1009.0,2.0,0.0,18.7,0.2715269887984819
2017-05-30,28.4,13.8,22.0,1003.5,1.0,0.0,22.2,0.2715269887984819
2017-06-09,31.6,19.2,25.2,1000.5,1.0,0.0,26.5,
2017-06-29,27.4,20.5,23.6,1001.3,2.0,0.0,24.6,0.622568650917669
2017-07-31,27.7,17.1,20.4,1007.8,1.0,0.0,20.9,0.36015065103821087
2017-08-18,32.7,21.2,26.6,1005.5,3.0,0.0,24.9,0.310799521151429
2017-08-19,32.5,18.5,27.2,1006.7,3.0,0.0,25.4,0.310799521151429
2017-08-23,23.5,14.2,20.6,1002.0,1.0,,21.7,0.2871806598648302
2017-08-24,26.6,11.7,20.6,1009.4,1.0,0.0,20.3,0.2871806598648302
2017-08-25,27.0,15.5,21.7,1011.8,1.0,0.0,21.1,0.2871806598648302
2017-08-26,29.2,17.2,23.3,1009.6,1.0,0.0,22.9,0.2871806598648302
2017-10-18,17.1,9.2,13.0,1013.4,0.0,0.0,13.5,0.060957126080734496
2017-11-01,6.2,1.9,3.4,1007.8,3.0,0.0,0.1,0.040062230866533335
2017-11-02,11.0,1.8,7.3,1008.5,4.0,0.0,3.8,0.040062230866533335
2017-11-03,16.0,2.8,9.2,1007.6,3.0,0.0,6.4,0.040062230866533335
2017-11-04,14.3,0.8,7.3,1010.6,,0.0,,0.040062230866533335
2017-11-05,13.7,1.0,7.3,1014.2,2.0,0.0,5.2,0.040062230866533335
2017-11-06,10.5,6.3,8.3,1013.4,4.0,0.0,5.1,0.040062230866533335
2017-11-08,10.0,7.0,8.6,1017.2,3.0,2.0,6.3,0.040062230866533335
2017-11-09,8.2,5.4,6.7,1015.7,3.0,0.0,4.1,0.040062230866533335
2017-11-10,8.5,5.3,7.0,1011.8,2.0,0.0,5.0,0.040062230866533335
2017-11-10,8.5,5.3,7.0,1011.8,2.0,0.0,5.0,0.36761405013518766
2017-11-11,9.4,5.4,6.8,1010.3,1.0,0.0,5.5,0.36761405013518766
2017-11-12,15.9,4.9,10.8,1008.1,2.0,0.0,9.3,0.36761405013518766
2017-11-13,17.2,9.9,12.7,1008.9,1.0,5.0,12.2,0.36761405013518766
2017-11-14,17.6,7.5,11.9,1006.7,2.0,0.0,10.2,0.36761405013518766
2017-11-15,14.0,4.0,8.1,1011.7,2.0,0.0,6.3,0.36761405013518766
2017-11-16,6.2,2.8,4.6,1018.7,2.0,0.0,2.2,0.36761405013518766
2017-11-17,7.6,0.0,3.3,1017.0,2.0,0.0,0.6,0.36761405013518766
2017-11-18,11.2,1.0,6.1,1009.5,2.0,0.0,3.8,0.36761405013518766
2017-11-19,15.1,4.3,8.7,1002.5,1.0,0.0,7.3,0.36761405013518766
2017-11-20,19.6,6.5,13.3,998.2,2.0,0.0,11.7,0.36761405013518766
2017-11-20,19.6,6.5,13.3,998.2,2.0,0.0,11.7,0.011887386637029368
2017-11-21,11.7,3.2,8.8,991.2,3.0,3.0,6.4,0.011887386637029368
2017-11-22,4.8,-1.5,1.9,1003.1,3.0,3.0,-1.6,0.011887386637029368
2017-11-23,2.6,-2.9,-0.3,1007.4,2.0,1.0,-3.3,0.011887386637029368
2017-11-24,0.5,-4.4,-1.6,1012.8,1.0,1.0,-4.1,0.011887386637029368
2017-11-25,-2.6,-6.3,-3.9,1019.2,1.0,0.0,-6.5,0.011887386637029368
2017-11-26,0.8,-4.3,-1.8,1016.3,2.0,0.0,-4.9,0.011887386637029368
2017-11-27,0.2,-7.1,-2.3,1017.2,3.0,0.0,-6.2,0.011887386637029368
2017-11-28,-2.1,-4.9,-3.5,1013.5,3.0,0.0,-7.5,0.011887386637029368
2017-11-29,2.2,-4.2,-0.2,1010.6,1.0,1.0,-2.6,0.011887386637029368
2017-11-30,9.1,1.4,4.5,1015.6,1.0,2.0,2.7,0.011887386637029368
2017-11-30,9.1,1.4,4.5,1015.6,1.0,2.0,2.7,0.38068730856446426
2017-12-01,7.6,1.8,4.4,1017.0,2.0,0.0,1.9,0.38068730856446426
2017-12-02,8.7,3.2,5.5,1016.5,1.0,0.0,3.7,0.38068730856446426
2017-12-03,10.5,2.9,6.2,1014.7,1.0,0.0,4.5,0.38068730856446426
2017-12-04,13.8,3.1,8.5,1007.9,1.0,0.0,7.1,0.38068730856446426
2017-12-05,9.2,0.3,4.7,1005.4,,5.0,,0.38068730856446426
2017-12-06,3.5,-2.3,0.2,1007.1,,0.0,,0.38068730856446426
2017-12-07,2.4,-0.6,0.6,1004.6,1.0,10.0,-1.6,0.38068730856446426
2017-12-08,1.4,-0.3,0.3,1009.7,1.0,3.0,-1.9,0.38068730856446426
2017-12-09,10.6,0.5,4.8,1011.1,1.0,0.0,3.1,0.38068730856446426
2017-12-10,11.1,2.0,5.4,1006.6,3.0,0.0,2.2,0.38068730856446426
2017-12-10,11.1,2.0,5.4,1006.6,3.0,0.0,2.2,0.17118863021941372
2017-12-11,7.1,1.7,4.9,1014.1,,4.0,,0.17118863021941372
2017-12-12,11.1,3.3,6.7,1014.0,2.0,0.0,4.3,0.17118863021941372
2017-12-13,15.6,2.0,6.3,1011.2,2.0,0.0,3.7,0.17118863021941372
2017-12-14,7.8,0.6,3.8,1007.0,,0.0,,0.17118863021941372
2017-12-15,9.4,0.3,5.4,1007.9,1.0,2.0,3.8,0.17118863021941372
2017-12-16,13.7,4.0,7.3,1009.6,2.0,0.0,5.1,0.17118863021941372
2017-12-17,9.8,3.0,6.2,1008.7,3.0,0.0,3.3,0.17118863021941372
2017-12-18,17.1,6.0,12.6,1012.6,1.0,0.0,12.3,0.17118863021941372
2017-12-19,10.5,4.5,6.1,1012.4,1.0,13.0,4.7,0.17118863021941372
2017-12-20,5.6,-0.4,2.8,1017.3,1.0,2.0,1.0,0.17118863021941372
2017-12-20,5.6,-0.4,2.8,1017.3,1.0,2.0,1.0,0.3215852430706285
2017-12-21,3.3,-0.5,0.9,1021.9,1.0,1.0,-1.4,0.3215852430706285
2017-12-22,1.5,-4.2,-1.4,1015.7,1.0,0.0,-3.8,0.3215852430706285
2017-12-23,2.1,-4.4,-1.1,1004.3,2.0,0.0,-4.2,0.3215852430706285
2017-12-24,5.6,-0.8,2.1,999.9,4.0,2.0,-1.9,0.3215852430706285
2017-12-25,7.8,3.2,6.2,1003.2,5.0,7.0,2.1,0.3215852430706285
2017-12-26,8.1,-0.8,5.1,1014.6,1.0,5.0,3.5,0.3215852430706285
2017-12-27,11.0,2.7,5.9,1010.6,2.0,0.0,3.6,0.3215852430706285
2017-12-28,13.0,1.3,5.4,1008.5,1.0,0.0,3.6,0.3215852430706285
2017-12-29,9.5,-0.3,3.6,1008.7,3.0,0.0,0.4,0.3215852430706285
2017-12-30,7.4,0.9,4.4,1005.5,3.0,0.0,1.3,0.3215852430706285
2017-12-31,9.3,2.8,6.7,1004.4,1.0,0.0,5.3,
2018-01-01,8.7,7.0,7.6,1004.7,1.0,6.0,6.5,
2018-01-02,6.6,0.7,4.2,1008.2,2.0,0.0,1.8,
2018-01-03,0.6,-1.5,-0.4,1007.3,3.0,0.0,-4.0,
2018-01-04,4.4,-1.2,1.2,1001.8,3.0,0.0,-2.2,
2018-01-05,5.5,-0.5,1.6,1002.6,2.0,0.0,-1.2,
2018-01-06,1.3,0.3,0.8,1012.8,2.0,1.0,-2.0,
2018-01-07,6.1,0.4,2.4,1018.8,1.0,0.0,0.5,
2018-01-08,7.8,1.1,5.1,1017.9,1.0,0.0,3.6,
2018-01-09,4.3,-1.9,0.7,1019.1,2.0,6.0,-2.3,0.030828407875925605
2018-01-10,1.7,-6.0,-1.3,1021.5,1.0,0.0,-3.9,0.030828407875925605
2018-01-11,1.3,-3.4,-1.3,1013.3,2.0,0.0,-4.6,0.030828407875925605
2018-01-12,-1.0,-4.1,-2.5,1014.2,3.0,0.0,-6.5,0.030828407875925605
2018-01-13,-3.4,-6.8,-5.1,1023.2,4.0,0.0,-10.0,0.030828407875925605
2018-01-14,-3.3,-6.9,-5.6,1019.1,5.0,0.0,-11.2,0.030828407875925605
2018-01-15,-2.2,-6.9,-4.5,1019.4,3.0,4.0,-8.6,0.030828407875925605
2018-01-16,1.8,-3.9,-1.6,1015.5,3.0,0.0,-5.5,0.030828407875925605
2018-01-17,0.3,-3.9,-1.2,1003.3,3.0,1.0,-5.0,0.030828407875925605
2018-01-18,2.9,-2.9,-0.3,996.5,4.0,0.0,-4.7,0.030828407875925605
2018-01-19,0.5,-4.7,-2.3,999.9,3.0,2.0,-6.1,0.030828407875925605
2018-01-20,3.7,-1.4,1.9,1008.6,2.0,2.0,-0.8,
2018-01-21,9.4,0.0,3.2,1003.5,3.0,1.0,-0.1,
2018-01-22,1.5,-0.5,0.5,1001.2,4.0,,-3.6,
2018-01-23,3.2,0.6,1.8,999.2,3.0,4.0,-1.5,
2018-01-24,-0.1,-7.9,-3.8,1013.3,2.0,3.0,-7.2,
2018-01-25,-4.5,-10.0,-6.7,1021.3,3.0,0.0,-11.0,
2018-01-26,-1.5,-6.6,-4.0,1021.5,4.0,0.0,-8.7,
2018-01-27,-2.4,-6.7,-4.9,1024.8,4.0,0.0,-9.7,
2018-01-28,-1.3,-5.7,-3.1,1022.8,2.0,0.0,-6.4,
2018-01-29,2.3,-1.8,0.7,1013.8,2.0,5.0,-2.1,0.14802198262735738
2018-01-30,6.9,1.0,4.5,1007.3,3.0,3.0,1.5,0.14802198262735738
2018-01-31,4.3,0.3,2.1,1005.4,4.0,4.0,-2.0,0.14802198262735738
2018-02-01,4.6,-1.1,1.1,1013.9,3.0,0.0,-2.6,0.14802198262735738
2018-02-02,7.9,-1.5,4.4,1011.8,3.0,0.0,1.0,0.14802198262735738
2018-02-03,10.5,6.1,8.8,1008.7,2.0,1.0,6.8,0.14802198262735738
2018-02-04,10.6,7.6,8.4,1001.8,2.0,1.0,6.4,0.14802198262735738
2018-02-05,7.8,0.2,2.4,1008.9,3.0,4.0,-1.0,0.14802198262735738
2018-02-06,2.1,-3.5,0.0,1018.1,1.0,0.0,-2.4,0.14802198262735738
2018-02-07,7.6,-1.7,2.6,1021.4,2.0,0.0,-0.1,0.14802198262735738
2018-02-08,4.3,0.2,2.3,1012.2,4.0,0.0,-1.7,0.14802198262735738
2018-02-09,4.7,1.9,3.8,1005.8,2.0,11.0,1.4,
2018-02-10,10.4,2.5,5.7,1009.1,2.0,0.0,3.5,
2018-02-11,3.7,2.3,2.9,1001.5,5.0,0.0,-1.7,
2018-02-13,4.4,0.7,2.2,1005.9,1.0,5.0,0.3,
2018-02-14,3.8,0.2,1.9,1013.2,1.0,2.0,-0.2,
2018-02-15,5.8,-0.1,2.3,1015.5,3.0,0.0,-1.1,
2018-02-16,8.7,0.0,3.6,1016.4,3.0,0.0,0.4,
2018-02-17,9.3,2.0,4.2,1011.4,2.0,0.0,1.7,
2018-02-18,3.6,1.3,2.4,1011.0,1.0,0.0,0.5,0.06999324202491564
2018-02-19,2.3,-1.6,0.6,1012.0,1.0,0.0,-1.6,0.06999324202491564
2018-02-20,2.9,-2.9,-0.3,1012.9,2.0,0.0,-3.3,0.06999324202491564
2018-02-21,0.9,-3.4,-0.9,1011.6,3.0,0.0,-4.6,0.06999324202491564
2018-02-22,2.9,-0.3,0.9,1007.6,4.0,0.0,-3.2,0.06999324202491564
2018-02-23,0.7,-4.1,-1.0,1005.8,4.0,0.0,-5.3,0.06999324202491564
2018-02-24,-4.7,-6.2,-5.4,1005.0,3.0,0.0,-9.6,0.06999324202491564
2018-02-25,-4.1,-8.2,-6.3,1003.5,3.0,0.0,-10.5,0.06999324202491564
2018-02-26,-5.3,-11.1,-8.3,1009.6,3.0,8.0,-12.8,0.06999324202491564
2018-02-27,-3.8,-11.7,-6.9,1005.0,4.0,0.0,-11.9,0.06999324202491564
2018-02-28,3.2,-4.7,0.5,1004.7,3.0,2.0,-3.1,0.06999324202491564
2018-03-01,3.0,-1.9,1.4,1007.3,2.0,5.0,-1.4,
2018-03-02,3.6,-2.9,-0.3,1011.6,2.0,0.0,-3.3,
2018-03-03,7.8,-1.2,3.7,996.7,3.0,0.0,0.4,
2018-03-04,7.0,-0.5,3.6,993.6,3.0,4.0,0.4,
2018-03-05,0.0,-6.3,-2.9,1004.2,3.0,10.0,-6.9,
2018-03-06,6.4,-7.9,0.1,1007.1,3.0,0.0,-3.7,
2018-03-07,14.3,1.0,7.4,997.8,3.0,1.0,4.6,
2018-03-08,15.4,5.0,10.0,994.9,3.0,3.0,7.6,
2018-03-09,5.2,2.2,3.6,1001.3,2.0,0.0,1.1,
2018-03-10,2.9,1.6,2.2,1006.8,2.0,6.0,-0.4,0.31241097597693507
2018-03-11,5.9,0.4,3.2,1009.8,1.0,1.0,1.2,0.31241097597693507
2018-03-12,0.2,-4.2,-1.3,1014.6,3.0,0.0,-5.1,0.31241097597693507
2018-03-13,9.0,-3.5,2.2,1007.8,5.0,0.0,-2.8,0.31241097597693507
2018-03-14,10.3,-0.7,3.7,1001.4,3.0,1.0,0.3,0.31241097597693507
2018-03-15,13.7,2.6,7.4,1000.4,2.0,5.0,5.4,0.31241097597693507
2018-03-16,4.9,2.4,3.8,1006.1,2.0,0.0,1.2,0.31241097597693507
2018-03-17,15.2,0.4,8.1,1002.9,3.0,0.0,5.1,0.31241097597693507
2018-03-18,21.7,-0.5,9.9,997.5,3.0,0.0,7.1,0.31241097597693507
2018-03-19,15.1,-0.8,4.7,998.8,3.0,0.0,1.5,0.31241097597693507
2018-03-20,10.1,1.8,5.3,999.3,2.0,0.0,3.0,0.31241097597693507
2018-03-20,10.1,1.8,5.3,999.3,2.0,0.0,3.0,0.16193293444213636
2018-03-21,9.5,0.5,6.5,1004.2,4.0,0.0,2.8,0.16193293444213636
2018-03-22,1.5,-0.9,0.1,1007.9,2.0,1.0,-2.9,0.16193293444213636
2018-03-23,2.7,-3.6,0.6,1001.2,3.0,0.0,-3.0,0.16193293444213636
2018-03-24,7.6,1.1,4.8,991.3,2.0,7.0,2.5,0.16193293444213636
2018-03-25,6.6,0.6,2.4,1008.1,2.0,5.0,-0.4,0.16193293444213636
2018-03-26,10.4,0.3,5.8,1012.5,1.0,1.0,4.1,0.16193293444213636
2018-03-27,18.0,6.5,10.1,1001.4,2.0,6.0,8.5,0.16193293444213636
2018-03-28,10.2,5.6,7.4,1004.6,2.0,0.0,5.2,0.16193293444213636
2018-03-29,6.7,3.3,5.2,1000.4,4.0,9.0,1.6,0.16193293444213636
2018-03-30,4.3,2.3,3.1,1010.7,4.0,1.0,-0.8,0.16193293444213636
2018-03-30,4.3,2.3,3.1,1010.7,4.0,1.0,-0.8,0.22428589649132988
2018-03-31,11.7,0.9,6.9,1014.8,2.0,0.0,4.7,0.22428589649132988
2018-04-13,17.3,7.8,12.3,1009.2,3.0,0.0,9.7,0.4005189873100379
2018-04-14,16.4,5.7,11.1,1014.5,3.0,0.0,7.8,0.4005189873100379
2018-04-15,14.9,3.2,9.7,1017.9,2.0,0.0,6.8,0.4005189873100379
2018-04-16,17.9,2.8,11.4,1015.3,2.0,0.0,8.7,0.4005189873100379
2018-04-17,21.4,4.4,13.6,1012.7,1.0,0.0,12.1,0.4005189873100379
2018-04-18,20.6,7.2,14.6,1010.7,1.0,0.0,13.6,0.4005189873100379
2018-04-19,16.4,10.1,13.4,1002.9,3.0,0.0,11.2,0.4005189873100379
2018-04-19,16.4,10.1,13.4,1002.9,3.0,0.0,11.2,0.48777106970993517
2018-04-25,22.9,9.7,15.3,1007.1,2.0,0.0,13.5,0.48777106970993517
2018-04-26,26.4,6.4,17.5,1006.4,2.0,0.0,16.1,0.48777106970993517
2018-04-27,30.2,10.5,20.0,1003.7,1.0,0.0,19.5,0.48777106970993517
2018-06-07,23.7,18.1,20.9,1010.7,1.0,0.0,20.6,0.6318748830780814
2018-06-12,28.2,13.8,21.8,1000.8,2.0,0.0,20.6,0.5273723487948232
2018-10-13,18.2,4.8,11.5,1020.0,3.0,0.0,8.2,0.2560379892375935
2018-10-14,20.7,4.5,12.7,1016.8,1.0,0.0,11.0,0.2560379892375935
2018-10-15,22.9,8.9,16.0,1016.1,2.0,0.0,14.3,0.2560379892375935
2018-10-16,23.8,11.0,17.3,1015.9,3.0,0.0,15.3,0.2560379892375935
2018-10-16,23.8,11.0,17.3,1015.9,3.0,0.0,15.3,-0.010019875264777009
2018-10-17,22.8,10.3,16.6,1013.9,3.0,0.0,14.6,-0.010019875264777009
2018-10-18,23.4,10.5,16.5,1011.2,3.0,0.0,14.6,-0.010019875264777009
2018-10-19,24.1,10.9,16.7,1008.5,2.0,0.0,15.6,-0.010019875264777009
2018-10-20,22.3,7.9,15.3,1006.8,1.0,0.0,15.2,-0.010019875264777009
2018-10-21,20.8,11.9,15.9,1006.2,2.0,4.0,15.5,-0.010019875264777009
2018-10-22,15.3,13.0,14.5,1007.4,1.0,7.0,14.6,-0.010019875264777009
2018-10-23,15.5,11.4,12.7,1006.9,2.0,1.0,11.6,-0.010019875264777009
2018-10-24,14.9,8.8,13.1,991.0,3.0,17.0,11.8,-0.010019875264777009
2018-10-25,14.4,6.8,10.4,988.8,3.0,34.0,8.4,-0.010019875264777009
2018-10-26,12.3,4.9,8.4,1001.5,2.0,0.0,6.4,-0.010019875264777009
2018-10-26,12.3,4.9,8.4,1001.5,2.0,0.0,6.4,0.2803056554735165
2018-10-27,15.1,2.9,8.3,1014.2,2.0,2.0,6.3,0.2803056554735165
2018-10-28,20.0,6.2,12.1,1016.8,2.0,0.0,10.4,0.2803056554735165
2018-11-01,12.1,6.1,9.1,1025.9,4.0,0.0,5.7,0.2803056554735165
2018-11-02,14.8,5.2,9.6,1024.2,4.0,0.0,6.2,0.2803056554735165
2018-11-03,15.0,4.0,9.4,1021.3,2.0,0.0,7.4,0.2803056554735165
2018-11-04,14.4,1.9,7.6,1016.5,1.0,0.0,6.2,0.2803056554735165
2018-11-05,11.7,3.9,8.2,1016.5,3.0,0.0,5.6,0.2803056554735165
2018-11-05,11.7,3.9,8.2,1016.5,3.0,0.0,5.6,0.29679991695033575
2018-11-06,12.3,4.9,8.1,1018.0,3.0,0.0,5.1,0.29679991695033575
2018-11-07,11.8,2.6,6.8,1016.7,3.0,0.0,3.7,0.29679991695033575
2018-11-08,12.0,0.8,5.3,1013.9,2.0,0.0,2.9,0.29679991695033575
2018-11-09,4.1,-1.1,2.1,1013.7,1.0,0.0,0.2,0.29679991695033575
2018-11-10,4.0,2.6,3.4,1014.4,1.0,0.0,1.7,0.29679991695033575
2018-11-11,7.1,1.5,4.0,1018.2,4.0,0.0,0.2,0.29679991695033575
2018-11-12,0.4,-4.1,-1.7,1022.1,5.0,0.0,-6.8,0.29679991695033575
2018-11-13,0.3,-4.2,-1.6,1020.6,4.0,13.0,-6.0,0.29679991695033575
2018-11-14,1.4,-1.9,-0.1,1017.0,3.0,11.0,-3.7,0.29679991695033575
2018-11-15,0.6,-1.3,-0.5,1012.9,5.0,1.0,-5.5,0.29679991695033575
2018-11-15,0.6,-1.3,-0.5,1012.9,5.0,1.0,-5.5,0.06809825078735182
2018-11-16,0.1,-1.2,-0.4,1016.0,4.0,0.0,-4.7,0.06809825078735182
2018-11-23,-2.1,-6.6,-3.9,1015.8,1.0,0.0,-6.7,0.06809825078735182
2018-11-24,2.1,-7.9,-2.7,1019.0,1.0,0.0,-5.3,0.06809825078735182
2018-11-25,6.8,-2.6,1.4,1012.6,1.0,0.0,-0.8,0.06809825078735182
2018-11-25,6.8,-2.6,1.4,1012.6,1.0,0.0,-0.8,0.00832735773311866
2018-11-26,5.6,0.0,1.7,1007.1,1.0,0.0,-0.3,0.00832735773311866
2018-11-27,12.3,-0.8,7.6,998.9,3.0,8.0,5.0,0.00832735773311866
2018-11-28,8.6,-1.4,3.4,1005.0,3.0,25.0,0.3,0.00832735773311866
2018-11-29,0.4,-5.5,-4.7,1021.6,5.0,12.0,-10.1,0.00832735773311866
2018-11-30,-1.7,-5.9,-3.6,1020.3,5.0,0.0,-8.9,0.00832735773311866
2018-12-01,1.2,-3.0,0.3,1012.4,4.0,0.0,-3.9,0.00832735773311866
2018-12-02,3.8,-1.1,1.2,1016.1,1.0,2.0,-0.9,0.00832735773311866
2018-12-03,2.7,-1.3,0.3,1015.1,2.0,0.0,-2.6,0.00832735773311866
2018-12-04,3.2,-1.0,1.9,1010.9,3.0,0.0,-1.4,0.00832735773311866
2018-12-05,5.9,1.9,3.9,1004.9,4.0,1.0,0.2,0.00832735773311866
2018-12-05,5.9,1.9,3.9,1004.9,4.0,1.0,0.2,0.11365733094957768
2018-12-06,4.4,2.7,3.3,1004.3,2.0,0.0,0.9,0.11365733094957768
2018-12-07,3.0,1.1,1.8,1006.2,2.0,3.0,-0.8,0.11365733094957768
2018-12-08,3.0,-2.2,0.5,1010.4,2.0,0.0,-2.4,0.11365733094957768
2018-12-09,6.3,-2.3,2.4,1008.3,2.0,0.0,-0.3,0.11365733094957768
2018-12-10,6.0,0.8,3.5,1002.1,3.0,0.0,0.3,0.11365733094957768
2018-12-11,6.8,2.5,4.4,997.8,5.0,1.0,0.0,0.11365733094957768
2018-12-12,9.1,2.4,5.4,1001.6,3.0,0.0,2.4,0.11365733094957768
2018-12-13,5.9,-1.1,2.1,1010.3,2.0,0.0,-0.7,0.11365733094957768
2018-12-14,6.9,-1.8,2.3,1014.1,2.0,0.0,-0.4,0.11365733094957768
2018-12-15,2.3,-1.0,0.1,1017.7,1.0,0.0,-2.1,0.11365733094957768
2018-12-15,2.3,-1.0,0.1,1017.7,1.0,0.0,-2.1,0.008703475418804866
2018-12-16,-0.4,-3.3,-1.9,1020.6,4.0,0.0,-6.4,0.008703475418804866
2018-12-17,-2.4,-3.3,-2.9,1016.7,5.0,0.0,-8.2,0.008703475418804866
2018-12-18,-0.5,-3.4,-1.1,1015.5,4.0,0.0,-5.5,0.008703475418804866
2018-12-19,1.9,-1.1,0.5,1015.6,4.0,0.0,-3.7,0.008703475418804866
2018-12-20,1.3,-0.3,0.3,1016.6,3.0,0.0,-3.2,0.008703475418804866
2018-12-21,2.1,-0.9,0.6,1016.8,2.0,0.0,-2.2,0.008703475418804866
2018-12-22,6.0,0.6,3.3,1011.9,1.0,0.0,1.5,0.008703475418804866
2018-12-23,10.0,4.1,6.9,1004.4,3.0,3.0,4.2,0.008703475418804866
2018-12-24,5.0,0.1,2.4,1006.6,3.0,0.0,-1.0,0.008703475418804866
2018-12-25,5.8,-0.2,2.7,1001.0,3.0,7.0,-0.6,0.008703475418804866
2018-12-25,5.8,-0.2,2.7,1001.0,3.0,7.0,-0.6,-0.015559853939531063
2018-12-26,-0.1,-2.4,-0.8,1005.9,3.0,2.0,-4.5,-0.015559853939531063
2018-12-27,1.6,-3.1,0.2,1003.2,3.0,4.0,-3.4,-0.015559853939531063
2018-12-28,-0.2,-2.0,-1.3,1009.9,2.0,0.0,-4.5,-0.015559853939531063
2018-12-29,2.7,-2.1,1.1,1008.4,2.0,6.0,-1.6,-0.015559853939531063
2018-12-30,3.8,1.6,2.8,1010.5,1.0,5.0,1.0,-0.015559853939531063
2018-12-31,3.0,1.0,1.8,1013.9,1.0,0.0,-0.2,-0.015559853939531063
2019-01-01,3.2,-0.4,1.1,1015.1,1.0,5.0,-1.0,-0.015559853939531063
2019-01-02,4.6,-1.4,1.6,1007.5,3.0,0.0,-1.8,-0.015559853939531063
2019-01-03,5.2,1.5,3.1,1003.7,2.0,2.0,0.5,-0.015559853939531063
2019-01-04,4.5,0.8,2.4,1002.2,3.0,4.0,-0.8,-0.015559853939531063
2019-01-04,4.5,0.8,2.4,1002.2,3.0,4.0,-0.8,0.031853882446713104
2019-01-05,0.9,-0.9,-0.1,1008.7,3.0,0.0,-3.8,0.031853882446713104
2019-01-06,0.9,-0.7,0.2,999.9,3.0,1.0,-3.3,0.031853882446713104
2019-01-07,-0.5,-3.5,-1.6,1003.0,4.0,1.0,-6.0,0.031853882446713104
2019-01-08,3.3,-3.7,-1.8,1005.5,2.0,0.0,-5.0,0.031853882446713104
2019-01-09,-1.4,-6.2,-3.9,1005.6,2.0,1.0,-7.3,0.031853882446713104
2019-01-10,2.9,-6.7,-0.9,1012.4,2.0,0.0,-4.2,0.031853882446713104
2019-01-11,7.0,-0.2,3.1,1005.8,2.0,2.0,0.3,0.031853882446713104
2019-01-12,7.3,0.0,1.9,1001.8,2.0,4.0,-0.8,0.031853882446713104
2019-01-13,1.2,-2.3,-0.3,999.0,1.0,6.0,-2.6,0.031853882446713104
2019-01-14,2.1,-3.5,0.3,996.2,1.0,8.0,-1.9,0.031853882446713104
2019-01-14,2.1,-3.5,0.3,996.2,1.0,8.0,-1.9,0.04314086338864468
2019-01-15,5.1,1.3,3.3,994.2,2.0,5.0,0.8,0.04314086338864468
2019-01-16,2.6,-1.7,-0.1,995.6,2.0,4.0,-3.1,0.04314086338864468
2019-01-17,3.6,-4.2,-0.8,1008.8,2.0,0.0,-3.9,0.04314086338864468
2019-01-18,7.5,-5.0,0.8,1011.9,2.0,0.0,-2.2,0.04314086338864468
2019-01-19,6.6,-0.1,3.9,1009.5,2.0,0.0,1.3,0.04314086338864468
2019-01-20,1.5,-0.1,1.0,1014.7,2.0,0.0,-1.8,0.04314086338864468
2019-01-21,10.0,0.6,5.4,1006.5,3.0,0.0,2.3,0.04314086338864468
2019-01-22,1.7,-4.1,-2.3,1011.4,3.0,3.0,-6.2,0.04314086338864468
2019-01-23,4.2,-4.2,-0.8,1009.1,3.0,0.0,-4.5,0.04314086338864468
2019-01-24,10.2,-1.8,3.4,1002.2,2.0,0.0,0.7,0.04314086338864468
2019-01-24,10.2,-1.8,3.4,1002.2,2.0,0.0,0.7,0.015752063811633993
2019-01-25,4.8,0.0,2.5,1005.4,3.0,0.0,-0.8,0.015752063811633993
2019-01-26,7.1,2.8,4.2,1003.2,4.0,0.0,0.4,0.015752063811633993
2019-01-27,6.7,2.5,4.2,997.5,3.0,8.0,1.2,0.015752063811633993
2019-01-28,3.7,-2.9,0.5,1004.3,2.0,3.0,-2.4,0.015752063811633993
2019-01-29,3.6,-3.1,0.7,1008.6,1.0,0.0,-1.5,0.015752063811633993
2019-01-30,4.9,-0.7,2.1,1007.9,3.0,0.0,-1.2,0.015752063811633993
2019-01-31,7.0,1.2,3.6,1005.3,4.0,0.0,-0.3,0.015752063811633993
2019-02-01,7.0,0.3,2.8,1005.1,3.0,0.0,-0.5,0.015752063811633993
2019-02-02,7.4,1.4,4.3,1011.6,2.0,0.0,1.9,0.015752063811633993
2019-02-03,6.7,0.2,3.4,1017.2,2.0,1.0,0.9,0.015752063811633993
2019-02-03,6.7,0.2,3.4,1017.2,2.0,1.0,0.9,-0.02028685688267934
2019-02-04,3.9,-2.4,0.9,1019.5,3.0,0.0,-2.5,-0.02028685688267934
2019-02-05,8.4,-2.5,1.4,1016.9,2.0,0.0,-1.4,-0.02028685688267934
2019-02-06,8.0,-2.7,1.7,1010.2,2.0,0.0,-1.1,-0.02028685688267934
2019-02-07,1.7,0.1,0.8,1010.0,3.0,0.0,-2.7,-0.02028685688267934
2019-02-08,2.4,-0.4,0.7,1012.8,3.0,0.0,-2.9,-0.02028685688267934
2019-02-09,1.8,-0.8,0.4,1011.3,3.0,0.0,-3.2,-0.02028685688267934
2019-02-10,6.0,0.0,3.2,1011.3,1.0,0.0,1.2,-0.02028685688267934
2019-02-11,9.2,2.2,5.4,1011.6,1.0,0.0,3.6,-0.02028685688267934
2019-02-12,10.9,2.3,5.4,1008.5,3.0,0.0,2.2,-0.02028685688267934
2019-02-13,10.6,-0.3,4.7,1011.7,2.0,0.0,2.1,-0.02028685688267934
2019-02-13,10.6,-0.3,4.7,1011.7,2.0,0.0,2.1,0.28565847557019153
2019-02-14,4.6,-0.2,2.0,1015.6,3.0,0.0,-1.7,0.28565847557019153
2019-02-15,5.2,-3.0,0.0,1015.2,3.0,0.0,-3.9,0.28565847557019153
2019-02-16,1.9,-8.0,-1.3,1011.6,3.0,0.0,-5.1,0.28565847557019153
2019-02-17,7.3,0.5,3.8,1007.9,5.0,0.0,-0.7,0.28565847557019153
2019-02-18,7.1,-4.1,3.2,1005.6,4.0,0.0,-1.1,0.28565847557019153
2019-02-19,3.5,-7.8,-2.0,1016.2,1.0,0.0,-4.9,0.28565847557019153
2019-02-20,9.9,-5.5,1.7,1011.6,2.0,0.0,-1.5,0.28565847557019153
2019-02-21,9.3,-2.0,4.1,1006.0,3.0,0.0,0.6,0.28565847557019153
2019-02-22,6.3,-2.0,1.9,1007.2,2.0,1.0,-1.1,0.28565847557019153
2019-02-23,0.4,-4.6,-2.2,1014.8,3.0,11.0,-6.0,0.28565847557019153
2019-02-23,0.4,-4.6,-2.2,1014.8,3.0,11.0,-6.0,0.028647024157934957
2019-02-24,-3.8,-11.7,-6.3,1021.9,2.0,4.0,-9.9,0.028647024157934957
2019-02-25,1.7,-12.2,-3.8,1015.6,3.0,0.0,-8.0,0.028647024157934957
2019-02-26,3.7,-1.2,1.5,999.2,3.0,1.0,-2.0,0.028647024157934957
2019-02-27,2.4,-1.7,0.3,998.3,1.0,2.0,-1.9,0.028647024157934957
2019-02-28,3.0,-3.2,-0.1,996.4,3.0,0.0,-3.7,0.028647024157934957
2019-03-01,7.2,1.2,3.6,987.0,5.0,0.0,-0.9,0.028647024157934957
2019-03-02,4.7,-2.2,1.6,995.8,3.0,12.0,-1.9,0.028647024157934957
2019-03-03,2.8,-3.3,-0.4,1008.0,2.0,0.0,-3.6,0.028647024157934957
2019-03-04,6.5,-4.1,2.6,1007.0,3.0,0.0,-1.0,0.028647024157934957
2019-03-05,15.6,0.0,7.9,1003.8,3.0,0.0,4.6,0.028647024157934957
2019-03-05,15.6,0.0,7.9,1003.8,3.0,0.0,4.6,0.03022304507655916
2019-03-06,9.7,5.6,8.2,1005.2,2.0,2.0,6.2,0.03022304507655916
2019-03-07,12.9,3.5,7.2,1014.9,1.0,0.0,5.4,0.03022304507655916
2019-03-08,14.0,1.6,6.7,1018.2,2.0,0.0,4.2,0.03022304507655916
2019-03-09,17.5,1.6,9.9,1012.0,2.0,0.0,7.5,0.03022304507655916
2019-03-10,19.1,6.1,10.9,1001.1,4.0,1.0,7.3,0.03022304507655916
2019-03-11,13.2,3.9,9.5,1000.3,4.0,0.0,6.0,0.03022304507655916
2019-03-12,7.7,2.2,6.0,1002.9,3.0,0.0,2.8,0.03022304507655916
2019-03-13,3.6,-1.4,0.9,1005.7,2.0,11.0,-1.9,0.03022304507655916
2019-03-14,8.6,-4.0,3.5,1007.7,4.0,0.0,-0.6,0.03022304507655916
2019-03-15,6.9,3.3,5.3,1000.3,3.0,2.0,2.2,0.03022304507655916
2019-03-15,6.9,3.3,5.3,1000.3,3.0,2.0,2.2,0.06900406215628513
2019-03-16,10.0,4.6,6.7,999.9,2.0,0.0,4.6,0.06900406215628513
2019-03-17,8.5,4.7,6.3,1002.2,2.0,0.0,4.1,0.06900406215628513
2019-03-18,9.2,3.8,5.6,1013.1,2.0,3.0,3.4,0.06900406215628513
2019-03-19,9.6,2.0,5.4,1016.2,3.0,0.0,2.4,0.06900406215628513
2019-03-20,13.6,1.4,7.4,1013.9,3.0,0.0,4.3,0.06900406215628513
2019-03-21,14.3,-0.2,7.7,1013.5,2.0,0.0,5.4,0.06900406215628513
2019-03-22,10.1,3.7,6.7,1011.4,3.0,0.0,3.4,0.06900406215628513
2019-03-23,8.5,-0.3,3.6,1004.9,3.0,5.0,0.3,0.06900406215628513
2019-03-24,6.1,-1.3,2.6,1007.0,3.0,2.0,-0.8,0.06900406215628513
2019-03-25,11.6,1.3,5.8,1007.0,2.0,0.0,3.2,0.06900406215628513
2019-03-25,11.6,1.3,5.8,1007.0,2.0,0.0,3.2,0.30248753814767354
2019-03-26,16.5,0.2,8.4,1004.9,1.0,0.0,6.5,0.30248753814767354
2019-03-27,14.2,-0.7,6.9,1005.8,3.0,0.0,4.0,0.30248753814767354
2019-03-28,8.5,0.9,4.1,1011.6,3.0,1.0,0.8,0.30248753814767354
2019-03-29,8.8,-1.9,3.6,1014.6,2.0,0.0,0.6,0.30248753814767354
2019-03-30,11.7,-1.0,4.3,1012.8,2.0,0.0,1.5,0.30248753814767354
2019-03-31,17.4,-0.5,9.4,1009.3,3.0,0.0,6.1,0.30248753814767354
2019-04-01,12.2,1.4,7.0,1002.3,3.0,0.0,3.9,0.30248753814767354
2019-04-02,9.8,5.4,7.1,1003.6,2.0,4.0,4.9,0.30248753814767354
2019-04-10,23.6,10.1,16.6,1000.4,2.0,0.0,15.5,0.2910974923453992
2019-04-11,21.3,11.5,15.7,1002.1,2.0,3.0,14.6,0.2910974923453992
2019-07-14,27.6,19.7,24.7,999.6,1.0,0.0,24.5,0.44863926302181734
2019-07-19,28.5,15.6,24.7,1004.7,1.0,0.0,25.5,0.44863926302181734
2019-07-21,22.0,18.1,20.6,1006.9,2.0,,20.5,0.44863926302181734
2019-10-10,19.0,3.0,10.7,1011.7,1.0,0.0,9.7,0.10168057645637887
2019-11-01,2.8,-4.2,-0.4,1014.7,3.0,0.0,-4.3,0.27698980852267385
2019-11-02,4.4,-4.2,-0.3,1017.6,2.0,0.0,-3.6,0.27698980852267385
2019-11-03,10.8,-2.8,2.9,1016.0,2.0,0.0,-0.1,0.27698980852267385
2019-11-04,15.0,-1.7,5.9,1012.1,1.0,0.0,3.9,0.27698980852267385
2019-11-05,17.9,2.2,9.8,1007.5,1.0,0.0,8.1,0.27698980852267385
2019-11-06,22.6,6.6,13.6,1007.2,1.0,0.0,12.5,0.27698980852267385
2019-11-07,22.7,8.3,14.6,1007.5,2.0,0.0,12.9,0.27698980852267385
2019-11-08,24.1,6.9,14.6,1008.8,1.0,0.0,13.6,0.27698980852267385
2019-11-09,22.0,8.4,13.4,1012.3,3.0,0.0,11.2,0.27698980852267385
2019-11-10,14.7,5.6,8.9,1013.2,2.0,0.0,7.1,0.27698980852267385
2019-11-10,14.7,5.6,8.9,1013.2,2.0,0.0,7.1,0.3813471478705347
2019-11-11,18.7,3.7,9.0,1011.9,2.0,0.0,7.1,0.3813471478705347
2019-11-12,17.6,4.0,9.4,1015.4,2.0,0.0,7.6,0.3813471478705347
2019-11-13,10.4,4.8,7.0,1016.4,4.0,0.0,3.7,0.3813471478705347
2019-11-14,11.4,5.6,7.6,1014.8,5.0,0.0,3.4,0.3813471478705347
2019-11-15,13.0,5.7,8.7,1015.0,5.0,0.0,4.5,0.3813471478705347
2019-11-16,13.7,5.3,8.4,1016.7,5.0,0.0,4.1,0.3813471478705347
2019-11-17,12.8,3.7,7.4,1017.9,3.0,0.0,4.4,0.3813471478705347
2019-11-18,14.0,3.4,7.5,1015.7,3.0,0.0,4.6,0.3813471478705347
2019-11-19,6.6,0.1,3.2,1016.7,1.0,0.0,1.3,0.3813471478705347
2019-11-20,5.0,1.3,2.9,1019.0,3.0,0.0,-0.4,0.3813471478705347
2019-11-20,5.0,1.3,2.9,1019.0,3.0,0.0,-0.4,0.0032003201202761363
2019-11-21,-2.7,-7.3,-5.0,1024.5,5.0,0.0,-10.7,0.0032003201202761363
2019-11-22,0.1,-8.2,-4.7,1024.8,4.0,0.0,-9.7,0.0032003201202761363
2019-11-23,2.3,-7.0,-4.1,1021.1,4.0,0.0,-9.0,0.0032003201202761363
2019-11-24,5.3,-5.1,-0.2,1018.0,5.0,0.0,-5.4,0.0032003201202761363
2019-11-25,6.5,-2.3,1.7,1014.2,5.0,0.0,-3.2,0.0032003201202761363
2019-11-26,8.5,1.8,4.9,1008.4,4.0,0.0,1.1,0.0032003201202761363
2019-11-27,9.3,5.8,7.3,1003.1,2.0,1.0,5.2,0.0032003201202761363
2019-11-28,8.8,6.3,6.9,1006.8,1.0,3.0,5.6,0.0032003201202761363
2019-11-29,10.9,4.9,8.3,1004.0,2.0,1.0,6.4,0.0032003201202761363
2019-11-30,11.4,5.7,7.9,999.0,3.0,11.0,5.4,0.0032003201202761363
2019-11-30,11.4,5.7,7.9,999.0,3.0,11.0,5.4,0.3433567515916842
2019-12-01,5.2,0.5,2.8,1005.6,2.0,14.0,0.3,0.3433567515916842
2019-12-02,1.4,-3.0,-1.0,1017.5,1.0,1.0,-3.6,0.3433567515916842
2019-12-03,3.5,-4.1,0.3,1008.4,2.0,5.0,-2.6,0.3433567515916842
2019-12-04,2.4,-3.4,-0.4,1016.2,1.0,2.0,-2.8,0.3433567515916842
2019-12-05,1.9,-6.4,-1.5,1020.4,2.0,0.0,-4.7,0.3433567515916842
2019-12-06,6.7,-3.6,0.5,1019.8,2.0,0.0,-2.5,0.3433567515916842
2019-12-07,7.9,-2.5,1.7,1013.0,1.0,0.0,-0.6,0.3433567515916842
2019-12-08,6.0,-4.2,0.2,1007.1,1.0,0.0,-2.2,0.3433567515916842
2019-12-09,4.9,-2.6,2.6,1009.6,1.0,1.0,0.6,0.3433567515916842
2019-12-10,9.7,1.8,5.5,1010.2,1.0,0.0,3.8,0.3433567515916842
2019-12-10,9.7,1.8,5.5,1010.2,1.0,0.0,3.8,0.032383907966572166
2019-12-11,3.0,-1.2,0.5,1011.8,2.0,0.0,-2.3,0.032383907966572166
2019-12-12,0.1,-1.4,-0.8,1009.6,3.0,0.0,-4.4,0.032383907966572166
2019-12-13,3.3,-1.7,1.2,1004.3,4.0,0.0,-2.9,0.032383907966572166
2019-12-14,7.5,2.0,4.9,1003.8,3.0,4.0,1.9,0.032383907966572166
2019-12-15,10.6,3.8,6.9,1005.9,2.0,2.0,4.8,0.032383907966572166
2019-12-16,9.6,1.6,5.9,1015.9,1.0,0.0,4.3,0.032383907966572166
2019-12-17,10.8,1.2,3.9,1017.3,1.0,0.0,2.1,0.032383907966572166
2019-12-18,13.0,0.6,6.4,1015.8,2.0,0.0,4.3,0.032383907966572166
2019-12-19,14.2,3.6,7.4,1015.7,3.0,0.0,4.8,0.032383907966572166
2019-12-20,5.5,-1.8,2.1,1017.4,2.0,0.0,-0.6,0.032383907966572166
2019-12-20,5.5,-1.8,2.1,1017.4,2.0,0.0,-0.6,0.02458245254524314
2019-12-21,8.1,-1.9,1.8,1009.4,1.0,0.0,-0.4,0.02458245254524314
2019-12-22,10.5,-0.1,4.8,1004.8,2.0,0.0,2.2,0.02458245254524314
2019-12-23,10.0,4.5,6.9,999.3,2.0,0.0,4.6,0.02458245254524314
2019-12-24,9.7,4.5,6.1,997.9,2.0,0.0,3.9,0.02458245254524314
2019-12-25,4.8,2.3,3.4,997.5,3.0,0.0,0.2,0.02458245254524314
2019-12-26,8.2,2.3,4.8,997.1,1.0,0.0,3.1,0.02458245254524314
2019-12-27,6.3,2.2,4.3,999.5,1.0,4.0,2.6,0.02458245254524314
2019-12-28,7.9,3.4,5.2,1007.3,,3.0,,0.02458245254524314
2019-12-29,6.6,1.5,3.8,1013.4,2.0,0.0,1.2,0.02458245254524314
2019-12-30,2.5,0.4,1.4,1017.1,,2.0,,0.02458245254524314
2019-12-30,2.5,0.4,1.4,1017.1,,2.0,,0.009375497841676041
2019-12-31,1.6,-3.7,-0.6,1009.1,3.0,0.0,-4.2,0.009375497841676041
2020-01-01,5.0,0.2,3.8,1004.0,3.0,1.0,0.6,0.009375497841676041
2020-01-02,3.6,-1.9,1.9,1015.3,1.0,0.0,-0.2,0.009375497841676041
2020-01-03,3.3,-3.1,-0.1,1015.4,1.0,0.0,-2.4,0.009375497841676041
2020-01-04,6.4,-2.6,0.6,1007.9,2.0,0.0,-2.5,0.009375497841676041
2020-01-05,7.3,-3.7,0.7,1005.8,1.0,0.0,-1.6,0.009375497841676041
2020-01-06,5.5,-1.8,2.1,1010.5,1.0,0.0,-0.2,0.009375497841676041
2020-01-07,3.6,-0.3,1.5,1009.8,2.0,0.0,-1.3,0.009375497841676041
2020-01-08,1.0,-0.7,0.2,1010.6,3.0,4.0,-3.3,0.009375497841676041
2020-01-09,-0.1,-2.0,-1.5,1013.0,3.0,5.0,-5.2,0.009375497841676041
2020-01-09,-0.1,-2.0,-1.5,1013.0,3.0,5.0,-5.2,0.10804714632698224
2020-01-10,1.2,-1.8,-0.3,1014.0,2.0,0.0,-3.2,0.10804714632698224
2020-01-11,6.2,-0.1,1.7,1012.5,2.0,0.0,-1.0,0.10804714632698224
2020-01-12,6.2,0.3,2.7,1008.7,3.0,8.0,-0.5,0.10804714632698224
2020-01-13,1.8,-0.1,0.5,1016.3,2.0,0.0,-2.4,0.10804714632698224
2020-01-14,5.9,-0.2,3.0,1017.6,1.0,0.0,1.0,0.10804714632698224
2020-01-15,3.7,-0.5,1.2,1023.5,2.0,0.0,-1.6,0.10804714632698224
2020-01-16,3.8,-2.0,0.2,1024.3,2.0,0.0,-2.8,0.10804714632698224
2020-01-17,-1.2,-5.6,-2.6,1017.8,1.0,0.0,-5.1,0.10804714632698224
2020-01-18,1.2,-1.5,0.2,1018.9,2.0,0.0,-2.6,0.10804714632698224
2020-01-19,2.8,-0.3,1.0,1019.5,3.0,0.0,-2.6,0.10804714632698224
2020-01-19,2.8,-0.3,1.0,1019.5,3.0,0.0,-2.6,0.22737724146101343
2020-01-20,3.3,-4.7,-0.7,1021.4,2.0,0.0,-3.9,0.22737724146101343
2020-01-21,0.1,-4.7,-1.6,1019.3,3.0,0.0,-5.4,0.22737724146101343
2020-01-22,5.0,-1.1,3.4,1006.1,5.0,2.0,-1.2,0.22737724146101343
2020-01-23,2.9,-1.0,0.9,1002.1,3.0,10.0,-2.7,0.22737724146101343
2020-01-24,1.5,-2.7,-0.7,1014.8,3.0,0.0,-4.6,0.22737724146101343
2020-01-25,8.2,-1.2,4.7,1010.2,6.0,0.0,-0.6,0.22737724146101343
2020-01-26,5.8,0.8,3.2,1012.4,3.0,1.0,-0.1,0.22737724146101343
2020-01-27,10.3,-0.2,4.6,1013.0,1.0,0.0,2.8,0.22737724146101343
2020-01-28,12.3,2.3,6.9,1006.3,2.0,0.0,4.5,0.22737724146101343
2020-01-29,10.2,5.1,7.4,1002.4,2.0,1.0,5.4,0.22737724146101343
2020-01-29,10.2,5.1,7.4,1002.4,2.0,1.0,5.4,-0.02330723620958608
2020-01-30,7.5,2.8,4.5,1002.8,2.0,1.0,2.1,-0.02330723620958608
2020-01-31,4.5,0.6,1.9,1003.2,1.0,1.0,-0.1,-0.02330723620958608
2020-02-01,8.8,-1.7,3.9,1003.7,3.0,0.0,0.6,-0.02330723620958608
2020-02-02,9.7,4.8,7.3,1003.8,4.0,1.0,3.9,-0.02330723620958608
2020-02-03,10.7,7.5,9.1,994.2,4.0,5.0,6.0,-0.02330723620958608
2020-02-04,6.0,1.7,3.9,996.4,3.0,5.0,0.4,-0.02330723620958608
2020-02-05,5.4,-1.9,3.0,995.6,2.0,0.0,0.2,-0.02330723620958608
2020-02-06,7.9,4.2,6.3,993.1,2.0,3.0,4.2,-0.02330723620958608
2020-02-07,3.9,-2.9,0.3,995.8,2.0,4.0,-2.6,-0.02330723620958608
2020-02-08,-5.8,-8.8,-7.7,1008.2,2.0,4.0,-11.5,-0.02330723620958608
2020-02-08,-5.8,-8.8,-7.7,1008.2,2.0,4.0,-11.5,0.3058176626379412
2020-02-09,-6.6,-13.2,-10.4,1020.0,1.0,0.0,-13.7,0.3058176626379412
2020-02-10,-0.2,-14.0,-7.7,1019.5,2.0,0.0,-11.5,0.3058176626379412
2020-02-11,2.2,-8.6,-3.2,1005.4,3.0,0.0,-7.4,0.3058176626379412
2020-02-12,5.1,-3.7,0.8,998.0,4.0,3.0,-3.5,0.3058176626379412
2020-02-13,6.5,0.4,2.5,1006.7,4.0,0.0,-1.6,0.3058176626379412
2020-02-14,7.4,-1.0,1.8,1017.4,3.0,1.0,-1.7,0.3058176626379412
2020-02-15,7.7,-1.5,2.8,1018.4,2.0,0.0,-0.1,0.3058176626379412
2020-02-16,7.4,-2.3,2.4,1023.3,3.0,0.0,-1.3,0.3058176626379412
2020-02-17,8.3,-1.6,2.6,1022.4,3.0,0.0,-0.9,0.3058176626379412
2020-02-18,12.8,-2.5,4.7,1015.5,1.0,0.0,2.6,0.3058176626379412
2020-02-18,12.8,-2.5,4.7,1015.5,1.0,0.0,2.6,0.11595937506211995
2020-02-19,12.1,-2.1,4.7,1008.7,2.0,0.0,2.1,0.11595937506211995
2020-02-20,9.6,0.3,4.1,1007.5,2.0,0.0,1.6,0.11595937506211995
2020-02-21,6.4,1.4,3.9,1008.0,3.0,0.0,0.8,0.11595937506211995
2020-02-22,4.5,1.1,2.9,1010.7,2.0,1.0,0.3,0.11595937506211995
2020-02-23,4.8,1.1,2.8,1011.8,2.0,4.0,0.2,0.11595937506211995
2020-02-24,7.2,3.9,5.4,996.2,5.0,4.0,1.1,0.11595937506211995
2020-02-25,7.2,-1.3,3.2,1002.8,5.0,2.0,-1.6,0.11595937506211995
2020-02-26,14.4,-1.5,5.9,1003.7,2.0,0.0,3.0,0.11595937506211995
2020-02-27,19.7,4.3,11.8,998.4,3.0,0.0,8.7,0.11595937506211995
2020-02-28,13.2,1.4,7.9,999.5,5.0,0.0,3.6,0.11595937506211995
2020-02-28,13.2,1.4,7.9,999.5,5.0,0.0,3.6,0.057960038995799434
2020-02-29,7.8,-1.5,3.6,1005.5,2.0,0.0,0.8,0.057960038995799434
2020-03-01,7.8,1.3,4.1,1013.1,2.0,0.0,1.5,0.057960038995799434
2020-03-02,11.4,-0.1,5.7,1012.1,2.0,0.0,3.1,0.057960038995799434
2020-03-03,18.9,0.7,9.4,1009.8,3.0,0.0,6.3,0.057960038995799434
2020-03-04,23.4,5.4,14.0,1008.3,1.0,0.0,12.3,0.057960038995799434
2020-03-05,23.4,6.9,14.6,1003.3,3.0,0.0,11.6,0.057960038995799434
2020-03-06,15.8,6.6,10.3,1003.1,3.0,0.0,7.7,0.057960038995799434
2020-03-07,20.0,4.4,11.5,1008.0,1.0,0.0,10.3,0.057960038995799434
2020-03-08,22.4,5.2,14.2,1013.2,1.0,0.0,13.0,0.057960038995799434
2020-03-09,24.9,9.0,15.7,1009.0,3.0,0.0,13.3,0.057960038995799434
2020-03-09,24.9,9.0,15.7,1009.0,3.0,0.0,13.3,0.21205989395100427
2020-03-10,17.9,4.7,10.0,1001.9,3.0,0.0,7.4,0.21205989395100427
2020-03-11,16.9,6.5,12.4,1004.9,4.0,0.0,9.5,0.21205989395100427
2020-03-12,13.9,2.6,8.4,1009.3,2.0,0.0,6.3,0.21205989395100427
2020-03-13,16.9,0.8,9.5,1005.7,1.0,0.0,8.0,0.21205989395100427
2020-03-14,18.2,4.4,8.6,1001.4,3.0,0.0,5.8,0.21205989395100427
2020-03-15,6.4,0.5,3.6,1009.8,3.0,0.0,-0.2,0.21205989395100427
2020-03-16,4.2,-6.2,-0.6,1019.5,2.0,0.0,-4.1,0.21205989395100427
2020-03-17,8.3,-7.0,1.8,1021.6,2.0,0.0,-1.6,0.21205989395100427
2020-03-18,6.4,-0.4,3.4,1018.3,4.0,0.0,-0.9,0.21205989395100427
2020-03-19,7.6,2.8,4.4,1011.6,2.0,0.0,1.7,0.21205989395100427
2020-03-19,7.6,2.8,4.4,1011.6,2.0,0.0,1.7,0.2849780025633544
2020-03-20,13.8,2.4,7.4,1008.8,2.0,1.0,4.9,0.2849780025633544
2020-03-21,13.1,0.8,8.7,1009.2,1.0,0.0,7.1,0.2849780025633544
2020-03-22,16.8,3.1,9.9,1007.1,1.0,0.0,8.3,0.2849780025633544
2020-03-23,11.5,-0.1,5.1,1011.2,3.0,0.0,1.9,0.2849780025633544
2020-03-24,3.1,-0.8,1.2,1014.8,5.0,0.0,-3.8,0.2849780025633544
2020-03-25,13.2,-0.9,6.0,1017.3,4.0,0.0,1.9,0.2849780025633544
2020-03-26,16.0,4.1,10.0,1016.5,4.0,0.0,6.1,0.2849780025633544
2020-03-27,18.1,4.2,11.3,1010.6,5.0,0.0,6.6,0.2849780025633544
2020-03-28,19.8,4.4,12.4,1002.7,5.0,0.0,7.7,0.2849780025633544
2020-03-29,17.8,4.7,11.5,995.4,2.0,0.0,9.3,0.2849780025633544
2020-03-29,17.8,4.7,11.5,995.4,2.0,0.0,9.3,0.17458245859950142
2020-03-30,14.2,9.1,11.3,996.5,2.0,0.0,9.6,0.17458245859950142
2020-03-31,16.2,5.1,10.6,1003.0,3.0,0.0,8.1,0.17458245859950142
2020-04-01,7.0,1.3,3.6,1007.4,2.0,0.0,0.6,0.17458245859950142
2020-04-02,10.1,-1.5,5.1,1008.0,2.0,0.0,1.9,0.17458245859950142
2020-04-03,13.2,-0.5,6.2,1006.2,3.0,0.0,2.9,0.17458245859950142
2020-04-04,17.8,-1.2,8.9,1011.5,2.0,0.0,6.3,0.17458245859950142
2020-04-05,16.4,3.6,9.1,1014.6,2.0,0.0,6.3,0.17458245859950142
2020-04-06,12.2,0.2,6.6,1021.3,3.0,0.0,2.7,0.17458245859950142
2020-04-07,11.8,-2.7,5.6,1023.6,3.0,0.0,1.6,0.17458245859950142
2020-04-08,15.4,0.4,8.1,1018.0,3.0,0.0,4.1,0.17458245859950142
2020-04-08,15.4,0.4,8.1,1018.0,3.0,0.0,4.1,0.028189601592824094
2020-04-09,18.8,-1.1,10.6,1009.0,1.0,0.0,8.3,0.028189601592824094
2020-04-10,19.9,2.8,11.8,1004.5,2.0,0.0,9.2,0.028189601592824094
2020-11-01,20.0,9.8,14.1,1005.5,1.0,1.0,14.0,0.23839436979939416
2020-11-02,17.5,9.6,12.6,1010.9,,1.0,,0.23839436979939416
2020-11-03,19.0,9.3,13.7,1012.9,1.0,0.0,13.2,0.23839436979939416
2020-11-04,16.8,8.6,12.3,1013.4,2.0,0.0,10.7,0.23839436979939416
2020-11-04,16.8,8.6,12.3,1013.4,2.0,0.0,10.7,0.20917300632535613
2020-11-05,13.6,4.8,8.8,1012.4,,0.0,,0.20917300632535613
2020-11-06,6.8,3.9,5.6,1011.3,,0.0,,0.20917300632535613
2020-11-07,11.1,5.6,8.2,1013.8,2.0,0.0,6.2,0.20917300632535613
2020-11-08,13.6,1.2,6.8,1018.7,,0.0,,0.20917300632535613
2020-11-09,11.4,3.6,8.6,1016.0,,0.0,,0.20917300632535613
2020-11-10,9.7,1.2,7.2,1016.8,,0.0,,0.20917300632535613
2020-11-11,7.3,-2.3,1.9,1021.4,,0.0,,0.20917300632535613
2020-11-12,6.7,-4.2,1.1,1023.0,,0.0,,0.20917300632535613
2020-11-13,8.0,-2.5,2.1,1021.2,3.0,0.0,-1.7,0.20917300632535613
2020-11-14,10.0,-1.7,3.4,1015.8,2.0,0.0,0.4,0.20917300632535613
2020-11-14,10.0,-1.7,3.4,1015.8,2.0,0.0,0.4,-0.04923112679318701
2020-11-15,10.0,-0.4,4.5,1012.9,2.0,0.0,1.7,-0.04923112679318701
2020-11-16,4.7,2.4,4.1,1013.3,,3.0,,-0.04923112679318701
2020-11-17,3.0,1.1,2.2,1019.2,1.0,0.0,0.2,-0.04923112679318701
2020-11-18,-0.2,-1.9,-1.3,1024.0,3.0,3.0,-5.0,-0.04923112679318701
2020-11-19,1.0,-3.1,-1.7,1022.5,4.0,0.0,-6.2,-0.04923112679318701
2020-11-20,2.2,-1.8,1.4,1012.1,3.0,0.0,-2.1,-0.04923112679318701
2020-11-21,2.3,-0.1,1.3,1014.9,2.0,0.0,-1.5,-0.04923112679318701
2020-11-22,3.1,-0.3,1.0,1018.2,1.0,4.0,-1.1,-0.04923112679318701
2020-11-25,7.5,0.1,3.7,1012.5,1.0,0.0,1.8,-0.060739131918336166
2020-11-26,5.3,-1.2,3.1,1014.6,1.0,3.0,1.2,-0.060739131918336166
2020-11-27,1.6,-2.4,-0.4,1018.2,1.0,0.0,-2.7,-0.060739131918336166
2020-11-28,10.1,-0.3,4.7,1015.1,2.0,0.0,2.1,-0.060739131918336166
2020-11-29,7.5,-0.7,3.9,1014.8,3.0,0.0,0.7,-0.060739131918336166
2020-11-30,9.2,4.4,6.0,1013.5,5.0,0.0,1.7,-0.060739131918336166
2020-12-01,3.7,0.7,1.9,1013.2,5.0,0.0,-2.8,-0.060739131918336166
2020-12-02,1.8,0.2,0.9,1016.7,4.0,0.0,-3.3,-0.060739131918336166
2020-12-03,2.9,0.0,1.2,1018.0,4.0,0.0,-2.9,-0.060739131918336166
2020-12-04,3.8,0.4,1.9,1018.1,4.0,0.0,-2.2,-0.060739131918336166
2020-12-04,3.8,0.4,1.9,1018.1,4.0,0.0,-2.2,0.14042447867217978
2020-12-05,2.0,-4.1,-0.9,1019.3,4.0,0.0,-5.4,0.14042447867217978
2020-12-06,-2.9,-8.2,-5.7,1021.2,5.0,0.0,-11.4,0.14042447867217978
2020-12-07,-4.4,-7.1,-5.9,1020.4,5.0,0.0,-11.5,0.14042447867217978
2020-12-08,-0.5,-7.0,-3.2,1017.0,5.0,0.0,-8.6,0.14042447867217978
2020-12-09,3.8,-2.5,0.2,1016.5,5.0,0.0,-4.8,0.14042447867217978
2020-12-10,5.3,-1.6,0.6,1017.7,4.0,0.0,-3.7,0.14042447867217978
2020-12-11,4.6,-1.7,1.3,1012.5,6.0,0.0,-4.3,0.14042447867217978
2020-12-12,6.9,0.4,2.9,1009.7,4.0,0.0,-1.2,0.14042447867217978
2020-12-13,5.2,1.6,3.4,1009.5,4.0,0.0,-0.5,0.14042447867217978
2020-12-14,7.8,3.3,4.9,1007.8,3.0,0.0,1.8,0.14042447867217978
2020-12-14,7.8,3.3,4.9,1007.8,3.0,0.0,1.8,0.011812251169337717
2020-12-15,9.6,2.1,4.6,1007.2,2.0,0.0,2.2,0.011812251169337717
2020-12-16,3.1,-0.8,0.8,1012.8,1.0,0.0,-1.4,0.011812251169337717
2020-12-17,0.6,-1.4,-0.4,1018.6,,0.0,,0.011812251169337717
2020-12-18,1.7,0.0,1.0,1019.9,,0.0,,0.011812251169337717
2020-12-19,2.6,-0.8,0.8,1018.7,1.0,0.0,-1.3,0.011812251169337717
2020-12-20,0.1,-1.8,-0.9,1019.4,4.0,0.0,-5.2,0.011812251169337717
2020-12-21,1.6,-2.2,-0.4,1018.8,3.0,6.0,-4.0,0.011812251169337717
2020-12-22,-0.7,-3.4,-1.7,1017.9,3.0,0.0,-5.5,0.011812251169337717
2020-12-23,0.9,-4.2,-1.7,1013.8,2.0,3.0,-4.8,0.011812251169337717
2020-12-24,-4.4,-8.1,-6.2,1015.9,,0.0,,0.011812251169337717
2020-12-24,-4.4,-8.1,-6.2,1015.9,,0.0,,0.3551630554758817
2020-12-25,1.4,-8.9,-2.2,1011.2,1.0,0.0,-4.9,0.3551630554758817
2020-12-26,6.7,-1.9,4.3,1008.6,2.0,2.0,1.6,0.3551630554758817
2020-12-27,8.0,1.4,3.1,1014.8,2.0,10.0,0.5,0.3551630554758817
2020-12-28,4.7,0.6,2.1,1014.9,4.0,0.0,-1.9,0.3551630554758817
2020-12-29,8.2,0.8,3.4,1012.9,2.0,0.0,0.7,0.3551630554758817
2020-12-30,7.5,-0.6,2.3,1015.0,1.0,0.0,0.2,0.3551630554758817
2020-12-31,6.9,-1.6,1.9,1011.3,5.0,0.0,-2.9,0.3551630554758817
2021-01-01,8.7,-1.2,3.1,1009.7,3.0,0.0,-0.2,0.3551630554758817
2021-01-02,10.4,-0.2,3.2,1017.2,1.0,0.0,1.3,0.3551630554758817
2021-01-03,3.2,-1.0,1.9,1022.4,3.0,0.0,-1.4,0.3551630554758817
2021-01-03,3.2,-1.0,1.9,1022.4,3.0,0.0,-1.4,0.02077408364454734
2021-01-04,7.8,-0.2,2.4,1018.3,3.0,0.0,-1.0,0.02077408364454734
2021-01-05,7.0,-0.6,2.5,1012.8,3.0,0.0,-1.0,0.02077408364454734
2021-01-06,7.8,0.0,3.2,1014.4,2.0,1.0,0.7,0.02077408364454734
2021-01-07,11.1,0.9,6.3,1012.3,2.0,0.0,4.0,0.02077408364454734
2021-01-08,10.1,6.1,8.2,1007.5,2.0,1.0,6.2,0.02077408364454734
2021-01-09,15.0,2.3,9.2,1004.0,3.0,1.0,6.5,0.02077408364454734
2021-01-10,1.7,-3.3,-0.4,1012.3,,19.0,,0.02077408364454734
2021-01-11,-1.4,-4.1,-3.1,1013.4,,0.0,,0.02077408364454734
2021-01-12,0.4,-3.9,-1.4,1010.6,2.0,1.0,-4.4,0.02077408364454734
2021-01-13,5.9,-0.6,3.4,994.0,2.0,9.0,0.9,0.02077408364454734
2021-01-13,5.9,-0.6,3.4,994.0,2.0,9.0,0.9,0.024893429892833035
2021-01-14,1.7,-0.7,0.0,997.6,2.0,9.0,-2.9,0.024893429892833035
2021-01-15,-0.8,-3.4,-2.3,999.5,2.0,14.0,-5.5,0.024893429892833035
2021-01-16,-0.9,-8.6,-4.7,1006.5,2.0,0.0,-8.2,0.024893429892833035
2021-01-17,-3.5,-8.8,-6.3,997.1,4.0,13.0,-11.2,0.024893429892833035
2021-01-18,-3.1,-8.4,-6.5,1004.3,2.0,5.0,-10.2,0.024893429892833035
2021-01-19,-5.9,-12.1,-8.4,1010.9,1.0,1.0,-11.6,0.024893429892833035
2021-01-20,-6.9,-16.1,-12.4,1016.3,1.0,0.0,-15.9,0.024893429892833035
2021-01-21,-3.5,-19.5,-10.9,1020.4,1.0,0.0,-14.3,0.024893429892833035
2021-01-22,6.5,-9.8,3.2,1017.3,2.0,0.0,0.4,0.024893429892833035
2021-01-23,6.0,-1.5,2.5,1014.2,2.0,0.0,-0.5,0.024893429892833035
2021-01-23,6.0,-1.5,2.5,1014.2,2.0,0.0,-0.5,0.006401883161760003
2021-01-24,5.3,-1.1,1.6,1009.8,2.0,0.0,-1.4,0.006401883161760003
2021-01-25,10.6,-1.5,4.3,1006.3,2.0,0.0,1.4,0.006401883161760003
2021-01-26,11.3,3.2,7.3,1006.3,2.0,0.0,4.9,0.006401883161760003
2021-01-27,7.5,3.0,4.6,998.9,2.0,0.0,2.0,0.006401883161760003
2021-01-28,6.6,1.7,3.8,996.7,1.0,5.0,1.9,0.006401883161760003
2021-01-29,7.3,-0.2,2.1,1002.2,2.0,1.0,-0.6,0.006401883161760003
2021-01-30,9.0,0.1,4.2,999.5,2.0,0.0,1.5,0.006401883161760003
2021-01-31,10.8,1.8,6.0,999.8,2.0,1.0,3.7,0.006401883161760003
2021-02-01,13.4,3.4,8.3,1006.0,2.0,0.0,6.1,0.006401883161760003
2021-02-02,18.1,4.2,9.6,1007.2,1.0,0.0,7.9,0.006401883161760003
2021-02-02,18.1,4.2,9.6,1007.2,1.0,0.0,7.9,0.012944271258468231
2021-02-03,16.0,2.8,8.7,1008.2,1.0,0.0,7.1,0.012944271258468231
2021-02-04,16.2,5.5,10.6,1003.4,2.0,0.0,8.6,0.012944271258468231
2021-02-05,9.8,-1.6,4.2,1002.4,3.0,6.0,1.0,0.012944271258468231
2021-02-06,-1.2,-4.9,-3.4,1008.0,2.0,12.0,-6.7,0.012944271258468231
2021-02-07,-4.5,-6.4,-5.3,1009.8,1.0,3.0,-8.3,0.012944271258468231
2021-02-08,-3.7,-6.9,-5.5,1008.7,3.0,0.0,-9.7,0.012944271258468231
2021-02-09,7.6,-5.3,2.2,1001.7,3.0,0.0,-1.2,0.012944271258468231
2021-02-10,9.2,1.6,4.9,1004.8,1.0,0.0,3.2,0.012944271258468231
2021-02-13,-2.9,-4.6,-4.2,1011.2,3.0,3.0,-8.3,0.027667318350462218
2021-02-14,-1.7,-5.4,-4.1,1014.3,3.0,0.0,-8.3,0.027667318350462218
2021-02-15,-5.9,-7.6,-6.9,1015.2,2.0,4.0,-10.6,0.027667318350462218
2021-02-16,-7.0,-8.1,-7.6,1013.4,3.0,7.0,-12.0,0.027667318350462218
2021-02-17,-8.2,-12.7,-9.5,1011.3,3.0,2.0,-14.0,0.027667318350462218
2021-02-18,-6.6,-14.8,-10.3,1010.0,1.0,0.0,-13.6,0.027667318350462218
2021-02-19,-6.7,-9.9,-8.5,1011.9,3.0,0.0,-13.0,0.027667318350462218
2021-02-22,3.6,-2.0,2.0,1016.9,4.0,2.0,-2.1,0.027667318350462218
2021-02-22,3.6,-2.0,2.0,1016.9,4.0,2.0,-2.1,0.024498527910644403
2021-02-23,3.2,-14.0,-5.4,1023.1,4.0,1.0,-10.3,0.024498527910644403
2021-02-24,-12.7,-15.2,-14.3,1029.6,3.0,0.0,-19.3,0.024498527910644403
2021-02-25,-0.4,-15.4,-7.4,1023.7,2.0,0.0,-11.3,0.024498527910644403
2021-02-26,7.2,-3.6,4.9,1015.4,4.0,1.0,1.2,0.024498527910644403
2021-02-27,10.5,2.0,6.2,1007.5,3.0,0.0,3.3,0.024498527910644403
2021-02-28,4.6,2.0,2.9,1008.5,1.0,12.0,1.0,0.024498527910644403
2021-03-01,7.1,1.5,3.3,1015.5,2.0,2.0,0.7,0.024498527910644403
2021-03-02,5.3,0.8,2.1,1016.3,3.0,2.0,-1.4,0.024498527910644403
2021-03-03,5.9,0.6,2.1,1011.2,3.0,2.0,-1.3,0.024498527910644403
2021-03-04,8.8,-3.7,2.7,1013.3,2.0,0.0,-0.2,0.024498527910644403
2021-03-04,8.8,-3.7,2.7,1013.3,2.0,0.0,-0.2,0.028898998691568333
2021-03-05,12.4,-1.5,4.8,1007.0,2.0,0.0,2.0,0.028898998691568333
2021-03-06,13.8,-1.0,4.3,1005.8,3.0,2.0,0.9,0.028898998691568333
2021-03-07,4.2,-6.7,-1.0,1014.7,1.0,3.0,-3.7,0.028898998691568333
2021-03-08,6.1,-5.3,1.1,1008.1,3.0,0.0,-2.7,0.028898998691568333
2021-03-09,5.8,-4.4,1.1,1007.6,3.0,0.0,-2.7,0.028898998691568333
2021-03-10,1.9,-4.5,-1.6,1014.2,2.0,0.0,-5.0,0.028898998691568333
2021-03-11,-1.9,-6.3,-4.2,1012.0,5.0,0.0,-9.8,0.028898998691568333
2021-03-12,0.9,-9.7,-4.6,1015.3,4.0,0.0,-9.6,0.028898998691568333
2021-03-13,9.0,-5.5,0.7,1013.5,3.0,0.0,-3.1,0.028898998691568333
2021-03-14,11.7,-1.5,4.1,1010.4,3.0,0.0,0.5,0.028898998691568333
2021-03-14,11.7,-1.5,4.1,1010.4,3.0,0.0,0.5,0.03365616549607513
2021-03-15,14.9,-1.5,5.8,1004.0,4.0,0.0,1.8,0.03365616549607513
2021-03-16,12.0,3.7,6.9,997.3,4.0,0.0,3.2,0.03365616549607513
2021-03-17,14.3,3.5,8.6,995.7,2.0,3.0,6.6,0.03365616549607513
2021-03-18,6.7,5.3,6.1,995.9,2.0,15.0,4.0,0.03365616549607513
2021-03-19,7.5,4.2,5.8,1001.4,3.0,3.0,2.9,0.03365616549607513
2021-03-20,6.9,1.4,4.2,1007.3,2.0,1.0,1.7,0.03365616549607513
2021-03-21,7.1,-1.9,2.4,1006.1,2.0,0.0,-0.4,0.03365616549607513
2021-03-22,9.5,-1.3,4.8,999.5,2.0,0.0,2.1,0.03365616549607513
2021-03-23,8.0,0.4,4.6,992.8,3.0,2.0,1.5,0.03365616549607513
2021-03-24,2.6,0.0,1.3,995.6,2.0,7.0,-1.4,0.03365616549607513
2021-03-24,2.6,0.0,1.3,995.6,2.0,7.0,-1.4,0.27653366792725265
2021-03-25,3.7,1.4,2.4,1000.1,3.0,1.0,-1.0,0.27653366792725265
2021-03-26,6.0,1.3,3.2,1006.8,2.0,3.0,0.6,0.27653366792725265
2021-03-27,11.9,-0.1,6.1,1012.2,3.0,0.0,2.9,0.27653366792725265
2021-03-28,12.0,4.4,7.3,1016.9,2.0,7.0,5.1,0.27653366792725265
2021-03-29,12.1,3.8,7.1,1018.3,2.0,1.0,4.9,0.27653366792725265
2021-03-30,9.3,4.6,6.6,1018.4,3.0,21.0,3.8,0.27653366792725265
2021-03-31,13.0,3.4,8.2,1015.6,4.0,0.0,4.6,0.27653366792725265
2021-04-06,14.4,2.8,12.3,1003.7,3.0,1.0,9.5,0.04834243338130176
2021-04-07,25.1,9.2,15.9,997.6,4.0,0.0,12.9,0.04834243338130176
2021-04-08,16.3,6.3,11.1,1003.3,3.0,0.0,8.6,0.04834243338130176
2021-04-09,4.7,2.9,4.2,1010.2,3.0,5.0,1.1,0.04834243338130176
2021-04-10,8.9,4.1,6.4,1011.8,1.0,4.0,4.8,0.04834243338130176
2021-04-11,9.4,6.3,7.7,1009.8,2.0,6.0,5.8,0.04834243338130176
2021-04-12,12.3,7.7,9.9,1012.1,1.0,2.0,9.0,0.04834243338130176
2021-04-13,13.2,8.3,10.7,1012.5,1.0,1.0,9.9,0.04834243338130176
2021-04-13,13.2,8.3,10.7,1012.5,1.0,1.0,9.9,0.008884430012738762
2021-04-14,14.1,6.7,10.3,1008.4,2.0,8.0,8.8,0.008884430012738762
2021-04-15,18.7,5.8,11.8,1008.2,2.0,0.0,10.1,0.008884430012738762
2021-04-16,14.8,5.4,10.1,1009.6,1.0,8.0,9.3,0.008884430012738762
2021-04-17,13.5,9.4,10.4,1011.9,1.0,5.0,9.6,0.008884430012738762
2021-04-18,12.3,8.1,10.1,1007.8,2.0,6.0,8.7,0.008884430012738762
2021-04-19,14.0,10.2,11.8,1004.5,2.0,9.0,10.8,0.008884430012738762
2021-04-20,20.9,10.7,14.4,998.8,3.0,31.0,12.7,0.008884430012738762
2021-04-21,17.6,9.5,12.9,1008.4,3.0,0.0,10.6,0.008884430012738762
2021-04-22,17.0,6.9,11.2,1013.0,1.0,1.0,10.4,0.008884430012738762
2021-04-23,19.9,5.2,13.6,1012.7,1.0,0.0,12.4,0.008884430012738762
2021-04-23,19.9,5.2,13.6,1012.7,1.0,0.0,12.4,0.1971719179806857
2021-04-24,16.4,7.3,12.4,1009.8,3.0,0.0,9.8,0.1971719179806857
2021-04-25,13.4,3.5,8.7,1011.2,3.0,1.0,5.8,0.1971719179806857
2021-04-26,10.8,6.7,8.6,1005.1,2.0,11.0,6.8,0.1971719179806857
2021-04-27,15.2,4.5,10.4,1008.7,1.0,0.0,8.8,0.1971719179806857
2021-04-28,18.2,9.1,13.6,1008.2,2.0,0.0,12.0,0.1971719179806857
2021-04-29,19.2,9.2,14.0,1008.6,3.0,0.0,12.1,0.1971719179806857
2021-04-30,25.2,12.4,17.9,1005.6,1.0,0.0,17.7,0.1971719179806857
2021-05-01,23.0,9.8,16.4,1007.6,2.0,0.0,15.5,0.1971719179806857
2021-05-02,27.2,10.9,20.3,1006.3,2.0,0.0,19.5,0.1971719179806857
2021-05-03,29.8,15.7,22.4,1000.4,1.0,0.0,22.4,0.1971719179806857
2021-05-03,29.8,15.7,22.4,1000.4,1.0,0.0,22.4,0.0703909936827129
2021-05-04,17.2,7.4,13.2,1004.3,2.0,4.0,11.7,0.0703909936827129
2021-05-05,19.6,3.6,13.2,1008.6,1.0,0.0,11.8,0.0703909936827129
2021-05-06,24.3,8.5,16.6,1003.4,2.0,0.0,14.9,0.0703909936827129
2021-05-07,23.0,9.5,16.1,1006.6,2.0,0.0,14.7,0.0703909936827129
2021-05-08,27.4,10.3,20.2,1003.1,1.0,0.0,19.7,0.0703909936827129
2021-05-09,14.0,8.3,10.9,1006.2,2.0,6.0,9.4,0.0703909936827129
2021-05-10,13.0,5.4,10.0,1009.9,3.0,0.0,7.1,0.0703909936827129
2021-05-11,8.7,7.7,8.2,1003.3,4.0,38.0,5.1,0.0703909936827129
2021-05-12,20.0,7.6,14.4,1005.8,2.0,7.0,13.0,0.0703909936827129
2021-05-13,26.6,8.5,19.1,1003.2,2.0,0.0,18.4,0.0703909936827129
2021-05-13,26.6,8.5,19.1,1003.2,2.0,0.0,18.4,0.6313746905660423
2021-05-14,32.5,15.0,23.9,1001.1,2.0,0.0,24.1,0.6313746905660423
2021-05-15,29.8,15.2,22.8,1003.1,2.0,0.0,22.3,0.6313746905660423
2021-05-16,30.3,14.7,24.1,996.9,3.0,0.0,23.5,0.6313746905660423
2021-05-17,26.6,14.6,21.0,997.1,2.0,0.0,20.6,0.6313746905660423
2021-05-18,24.4,14.4,19.0,1000.6,2.0,0.0,18.3,0.6313746905660423
2021-05-19,21.4,12.3,16.2,1001.9,3.0,22.0,14.7,0.6313746905660423
2021-05-20,25.7,11.0,19.3,1002.3,2.0,0.0,18.3,0.6313746905660423
2021-05-21,29.7,14.5,22.6,998.1,1.0,0.0,23.0,0.6313746905660423
2021-05-22,22.9,15.7,18.5,1001.2,2.0,2.0,18.5,0.6313746905660423
2021-05-23,26.8,16.7,21.4,1004.0,2.0,0.0,21.9,0.6313746905660423
2021-05-23,26.8,16.7,21.4,1004.0,2.0,0.0,21.9,0.3020009601618548
2021-05-24,24.5,17.3,19.9,1008.6,1.0,2.0,21.0,0.3020009601618548
2021-05-25,23.4,13.8,18.1,1009.8,2.0,5.0,17.9,0.3020009601618548
2021-05-26,25.9,12.6,19.3,1009.2,3.0,0.0,18.2,0.3020009601618548
2021-05-27,26.9,13.0,20.6,1005.7,4.0,0.0,18.9,0.3020009601618548
2021-05-28,29.0,16.7,23.2,1000.3,3.0,0.0,22.2,0.3020009601618548
2021-05-29,30.8,17.4,23.9,997.7,1.0,0.0,24.7,0.3020009601618548
2021-05-30,23.6,15.4,19.5,1002.9,3.0,9.0,18.8,0.3020009601618548
2021-05-31,26.0,13.8,20.3,1002.9,2.0,0.0,20.2,0.3020009601618548
2021-06-01,26.2,17.2,20.4,997.7,2.0,3.0,20.8,0.3020009601618548
2021-06-02,22.5,15.3,18.0,999.8,2.0,30.0,17.8,0.3020009601618548
2021-06-02,22.5,15.3,18.0,999.8,2.0,30.0,17.8,0.4583967373743016
2021-06-03,20.8,11.9,16.6,1005.2,3.0,0.0,15.1,0.4583967373743016
2021-06-04,19.9,11.0,15.9,1006.2,2.0,0.0,15.2,0.4583967373743016
2021-06-05,18.3,14.4,16.2,1006.5,2.0,10.0,16.0,0.4583967373743016
2021-06-06,23.3,11.0,17.1,1005.9,2.0,1.0,16.6,0.4583967373743016
2021-06-07,21.1,11.8,15.9,1006.4,2.0,3.0,15.1,0.4583967373743016
2021-06-08,24.3,10.9,17.9,1004.4,2.0,2.0,17.3,0.4583967373743016
2021-06-09,26.4,11.9,18.6,1002.0,2.0,0.0,18.1,0.4583967373743016
2021-06-10,26.4,11.6,18.3,1001.5,2.0,6.0,17.7,0.4583967373743016
2021-06-11,26.5,13.1,20.0,1002.7,1.0,0.0,20.7,0.4583967373743016
2021-06-12,26.9,14.9,21.1,1003.7,1.0,0.0,21.9,0.4583967373743016
2021-06-12,26.9,14.9,21.1,1003.7,1.0,0.0,21.9,0.7704429994013922
2021-06-13,28.0,15.2,21.7,1002.8,1.0,0.0,22.4,0.7704429994013922
2021-06-14,28.9,15.6,23.6,1001.9,2.0,0.0,23.9,0.7704429994013922
2021-06-15,25.9,18.3,22.1,999.9,2.0,2.0,22.7,0.7704429994013922
2021-06-16,29.3,17.2,23.6,999.2,2.0,3.0,24.7,0.7704429994013922
2021-06-17,26.2,16.3,21.3,1002.6,2.0,26.0,21.9,0.7704429994013922
2021-06-18,27.2,15.1,22.0,1007.8,1.0,0.0,23.0,0.7704429994013922
2021-06-19,32.2,18.1,25.7,1004.0,4.0,0.0,25.0,0.7704429994013922
2021-06-20,31.8,18.7,25.2,1002.0,3.0,0.0,24.7,0.7704429994013922
2021-06-21,32.3,19.6,25.8,1001.4,3.0,0.0,25.4,0.7704429994013922
2021-06-22,30.8,20.0,24.4,1002.0,2.0,0.0,24.4,0.7704429994013922
2021-06-22,30.8,20.0,24.4,1002.0,2.0,0.0,24.4,0.3585024579586217
2021-06-23,33.9,19.2,26.8,1003.0,1.0,0.0,28.4,0.3585024579586217
2021-06-24,32.9,21.2,26.4,1003.5,1.0,0.0,28.6,0.3585024579586217
2021-06-25,32.1,19.8,26.1,1001.6,1.0,0.0,28.5,0.3585024579586217
2021-06-26,29.9,21.1,24.1,1000.0,2.0,0.0,25.6,0.3585024579586217
2021-06-27,28.6,20.0,23.1,1001.7,1.0,2.0,25.0,0.3585024579586217
2021-06-28,31.6,19.9,25.0,1003.6,1.0,0.0,27.0,0.3585024579586217
2021-06-29,30.3,18.3,23.9,1003.8,1.0,1.0,25.4,0.3585024579586217
2021-06-30,30.1,16.5,23.7,1005.5,1.0,0.0,24.5,0.3585024579586217
2021-07-01,32.3,16.1,25.4,1004.0,1.0,0.0,26.3,0.3585024579586217
2021-07-02,34.8,20.3,28.6,999.2,2.0,0.0,29.0,0.3585024579586217
2021-07-02,34.8,20.3,28.6,999.2,2.0,0.0,29.0,0.5146651256846632
2021-07-03,36.8,23.4,29.7,994.8,2.0,0.0,30.2,0.5146651256846632
2021-07-04,32.8,20.4,25.0,991.9,2.0,1.0,26.0,0.5146651256846632
2021-07-05,27.8,19.3,21.5,993.8,2.0,18.0,22.3,0.5146651256846632
2021-07-06,28.3,19.1,22.3,998.8,2.0,10.0,23.2,0.5146651256846632
2021-07-07,29.5,18.6,23.8,1003.6,2.0,0.0,24.5,0.5146651256846632
2021-07-08,31.4,19.0,25.8,1008.4,3.0,1.0,24.8,0.5146651256846632
2021-07-09,32.2,18.3,25.9,1007.6,3.0,0.0,24.6,0.5146651256846632
2021-07-10,33.9,18.4,27.0,1002.7,2.0,0.0,26.5,0.5146651256846632
2021-07-11,35.6,19.4,27.9,1000.9,2.0,0.0,27.5,0.5146651256846632
2021-07-12,36.2,20.4,28.7,1001.2,2.0,0.0,28.7,0.5146651256846632
2021-07-12,36.2,20.4,28.7,1001.2,2.0,0.0,28.7,0.43711912493383837
2021-07-13,33.1,22.6,27.7,1003.0,3.0,0.0,26.0,0.43711912493383837
2021-07-14,33.7,20.7,27.5,1002.9,3.0,0.0,26.2,0.43711912493383837
2021-07-15,35.9,20.1,28.8,1002.5,2.0,0.0,28.3,0.43711912493383837
2021-07-16,37.6,20.1,30.1,1001.1,1.0,0.0,30.7,0.43711912493383837
2021-07-17,37.6,21.6,30.7,998.1,1.0,0.0,31.4,0.43711912493383837
2021-07-18,38.8,21.4,30.0,996.1,1.0,0.0,30.5,0.43711912493383837
2021-07-19,39.0,23.5,30.9,996.3,1.0,0.0,32.2,0.43711912493383837
2021-07-20,39.0,21.0,30.7,996.2,1.0,0.0,32.0,0.43711912493383837
2021-07-21,37.5,21.6,29.6,995.0,2.0,0.0,30.7,0.43711912493383837
2021-07-22,31.1,17.6,23.6,994.6,2.0,13.0,25.1,0.43711912493383837
2021-07-22,31.1,17.6,23.6,994.6,2.0,13.0,25.1,0.4073606346568363
2021-07-23,27.4,17.4,21.6,997.5,2.0,41.0,22.1,0.4073606346568363
2021-07-24,30.3,16.5,23.6,1002.7,2.0,0.0,23.2,0.4073606346568363
2021-07-25,32.5,18.7,26.5,1005.6,3.0,0.0,25.6,0.4073606346568363
2021-07-26,33.4,21.7,28.1,1006.6,3.0,0.0,27.1,0.4073606346568363
2021-07-27,27.9,16.3,23.2,1008.6,3.0,0.0,22.3,0.4073606346568363
2021-07-28,31.1,14.4,23.1,1008.1,1.0,0.0,23.5,0.4073606346568363
2021-07-29,34.0,16.9,25.6,1004.1,1.0,0.0,25.9,0.4073606346568363
2021-07-30,34.3,17.6,26.5,1001.4,1.0,0.0,26.7,0.4073606346568363
2021-07-31,34.4,17.8,26.8,1000.6,1.0,0.0,27.9,0.4073606346568363
2021-08-01,36.4,20.5,28.3,1001.5,1.0,0.0,29.3,0.4073606346568363
2021-08-01,36.4,20.5,28.3,1001.5,1.0,0.0,29.3,0.10322582926706873
2021-08-02,37.4,20.1,29.2,1001.1,1.0,0.0,29.9,0.10322582926706873
2021-08-03,37.3,20.5,29.7,1002.2,1.0,0.0,30.8,0.10322582926706873
2021-08-04,33.9,21.9,27.9,1005.2,1.0,0.0,29.2,0.10322582926706873
2021-08-05,34.8,22.1,28.8,1003.7,2.0,0.0,29.2,0.10322582926706873
2021-08-06,37.1,25.0,31.4,997.3,3.0,0.0,30.5,0.10322582926706873
2021-08-07,32.3,24.5,28.3,994.9,2.0,0.0,29.2,0.10322582926706873
2021-08-08,33.7,23.1,28.0,1000.9,2.0,0.0,28.9,0.10322582926706873
2021-08-09,33.8,22.0,26.3,1003.0,1.0,0.0,28.3,0.10322582926706873
2021-08-10,29.4,20.4,25.1,1000.9,2.0,5.0,26.7,0.10322582926706873
2021-08-11,30.1,21.4,25.0,999.7,1.0,4.0,27.2,0.10322582926706873
2021-08-11,30.1,21.4,25.0,999.7,1.0,4.0,27.2,0.40028738524483853
2021-08-12,31.3,19.5,24.2,1001.8,1.0,6.0,26.2,0.40028738524483853
2021-08-13,29.1,18.8,22.5,1003.5,1.0,22.0,24.4,0.40028738524483853
2021-08-14,24.3,18.8,21.3,1002.8,2.0,2.0,22.4,0.40028738524483853
2021-08-15,29.4,19.0,23.3,1004.0,2.0,1.0,23.8,0.40028738524483853
2021-08-16,30.5,17.6,23.2,1005.5,1.0,0.0,24.6,0.40028738524483853
2021-08-17,31.9,18.9,25.1,1004.2,1.0,0.0,27.0,0.40028738524483853
2021-08-18,33.3,19.5,26.3,999.2,1.0,0.0,27.7,0.40028738524483853
2021-08-19,28.8,19.5,23.2,997.7,1.0,6.0,24.5,0.40028738524483853
2021-08-20,29.7,18.4,22.3,1001.0,2.0,10.0,23.1,0.40028738524483853
2021-08-21,29.0,16.5,22.3,1005.2,2.0,0.0,22.7,0.40028738524483853
2021-08-21,29.0,16.5,22.3,1005.2,2.0,0.0,22.7,0.3834295227844707
2021-08-22,30.1,16.8,23.2,1006.1,1.0,0.0,24.7,0.3834295227844707
2021-08-23,29.9,17.7,23.2,1005.7,1.0,0.0,24.6,0.3834295227844707
2021-08-24,29.1,19.9,23.9,1007.2,3.0,0.0,23.4,0.3834295227844707
2021-08-25,29.6,18.9,24.4,1005.0,3.0,0.0,23.2,0.3834295227844707
2021-08-26,32.4,18.9,25.0,1002.2,2.0,0.0,25.2,0.3834295227844707
2021-08-27,32.1,18.9,25.4,1003.3,1.0,0.0,26.8,0.3834295227844707
2021-08-28,34.0,19.3,27.0,1003.6,1.0,0.0,28.0,0.3834295227844707
2021-08-29,35.7,20.8,28.4,1000.0,3.0,0.0,27.6,0.3834295227844707
2021-08-30,34.3,22.1,28.5,999.2,3.0,0.0,28.1,0.3834295227844707
2021-08-31,31.9,19.0,24.3,1001.7,2.0,28.0,25.2,0.3834295227844707
2021-08-31,31.9,19.0,24.3,1001.7,2.0,28.0,25.2,0.34387170347391655
2021-09-01,28.1,17.6,21.4,1001.5,1.0,11.0,23.2,0.34387170347391655
2021-09-02,26.9,15.7,19.4,996.2,2.0,4.0,19.7,0.34387170347391655
2021-09-03,19.8,12.4,15.5,1003.2,2.0,0.0,14.3,0.34387170347391655
2021-09-04,23.1,12.1,16.7,1006.6,2.0,0.0,15.6,0.34387170347391655
2021-09-05,22.2,9.9,16.3,1008.2,1.0,0.0,16.0,0.34387170347391655
2021-09-06,20.8,10.8,15.7,1013.3,2.0,0.0,14.0,0.34387170347391655
2021-09-07,21.9,9.5,16.5,1017.1,2.0,0.0,14.5,0.34387170347391655
2021-09-08,23.4,9.9,16.9,1015.9,3.0,0.0,14.3,0.34387170347391655
2021-09-09,24.1,9.9,17.4,1012.8,3.0,0.0,15.4,0.34387170347391655
2021-09-10,26.0,12.0,19.4,1007.2,3.0,0.0,17.6,0.34387170347391655
2021-09-10,26.0,12.0,19.4,1007.2,3.0,0.0,17.6,0.3331826565675993
2021-09-11,27.3,13.3,20.7,1004.4,2.0,0.0,19.9,0.3331826565675993
2021-09-12,26.7,17.3,21.1,1003.4,2.0,0.0,20.5,0.3331826565675993
2021-09-13,28.3,13.9,21.1,1003.0,1.0,0.0,21.4,0.3331826565675993
2021-09-14,27.9,14.3,20.4,1003.9,1.0,1.0,20.9,0.3331826565675993
2021-09-15,28.4,13.3,21.1,1004.5,1.0,0.0,21.2,0.3331826565675993
2021-09-16,23.1,10.2,16.7,1005.3,2.0,0.0,15.1,0.3331826565675993
2021-09-17,23.1,9.4,16.3,1007.1,2.0,0.0,15.0,0.3331826565675993
2021-09-18,26.3,8.8,17.7,1005.0,1.0,0.0,17.3,0.3331826565675993
2021-09-19,26.7,14.7,19.0,1003.2,1.0,1.0,19.4,0.3331826565675993
2021-09-20,25.1,15.6,19.7,1003.5,2.0,4.0,19.4,0.3331826565675993
2021-09-20,25.1,15.6,19.7,1003.5,2.0,4.0,19.4,0.026769262341651154
2021-09-21,17.2,13.3,14.6,1004.5,1.0,15.0,14.8,0.026769262341651154
2021-09-22,15.5,9.8,12.6,1005.5,1.0,1.0,12.0,0.026769262341651154
2021-09-23,17.6,9.4,13.3,1002.8,1.0,0.0,12.8,0.026769262341651154
2021-09-24,17.2,10.7,13.2,1003.3,2.0,14.0,12.1,0.026769262341651154
2021-09-25,17.6,10.1,12.2,1003.9,2.0,13.0,11.1,0.026769262341651154
2021-09-26,18.0,10.0,14.8,1007.9,3.0,2.0,13.3,0.026769262341651154
2021-09-27,18.5,9.2,13.3,1007.2,1.0,0.0,12.5,0.026769262341651154
2021-09-28,17.0,5.7,11.3,1010.8,2.0,0.0,9.7,0.026769262341651154
2021-09-29,17.1,7.7,11.5,1015.3,3.0,0.0,9.2,0.026769262341651154
2021-09-30,14.4,5.9,9.9,1017.8,4.0,0.0,6.2,0.026769262341651154
2021-09-30,14.4,5.9,9.9,1017.8,4.0,0.0,6.2,0.1873466460616478
2021-10-01,14.0,4.3,10.2,1018.6,4.0,0.0,6.3,0.1873466460616478
2021-10-02,17.9,9.6,12.8,1016.5,4.0,0.0,9.7,0.1873466460616478
2021-10-03,16.2,9.1,12.8,1014.3,4.0,0.0,9.5,0.1873466460616478
2021-10-04,10.8,7.8,9.3,1014.8,4.0,1.0,6.1,0.1873466460616478
2021-10-05,13.2,8.3,10.3,1017.2,4.0,1.0,7.0,0.1873466460616478
2021-10-06,13.0,5.4,8.7,1020.2,4.0,0.0,5.0,0.1873466460616478
2021-10-07,13.3,4.6,8.9,1020.3,4.0,0.0,5.2,0.1873466460616478
2021-10-08,14.5,4.6,9.3,1019.4,5.0,0.0,4.9,0.1873466460616478
2021-10-09,15.8,4.4,10.1,1016.9,4.0,0.0,6.5,0.1873466460616478
2021-10-10,15.9,7.7,11.0,1015.9,3.0,0.0,8.3,0.1873466460616478
2021-10-10,15.9,7.7,11.0,1015.9,3.0,0.0,8.3,0.14386113713341647
2021-10-11,20.2,6.1,12.7,1011.4,2.0,0.0,11.1,0.14386113713341647
2021-10-12,21.6,7.1,14.2,1004.5,1.0,0.0,13.6,0.14386113713341647
2021-10-13,21.7,10.6,14.9,1000.6,2.0,0.0,14.1,0.14386113713341647
2021-10-14,18.6,8.9,13.9,1011.7,3.0,0.0,11.9,0.14386113713341647
2021-10-15,19.3,7.3,13.6,1012.6,3.0,0.0,11.5,0.14386113713341647
2021-10-16,19.5,9.0,13.4,1006.1,2.0,0.0,11.7,0.14386113713341647
2021-10-17,21.7,7.1,13.9,1004.0,1.0,0.0,13.4,0.14386113713341647
2021-10-18,19.0,5.7,11.4,1007.0,1.0,0.0,10.2,0.14386113713341647
2021-10-19,11.4,3.3,6.9,1012.0,2.0,0.0,4.7,0.14386113713341647
2021-10-20,11.6,-0.6,4.7,1018.8,2.0,0.0,2.0,0.14386113713341647
2021-10-20,11.6,-0.6,4.7,1018.8,2.0,0.0,2.0,0.3561432999170217
2021-10-21,17.0,-1.2,7.2,1016.0,2.0,0.0,4.7,0.3561432999170217
2021-10-22,22.1,2.6,11.6,1009.7,2.0,0.0,9.6,0.3561432999170217
2021-10-23,20.9,5.6,12.9,1009.8,1.0,0.0,12.1,0.3561432999170217
2021-10-24,12.7,5.0,9.2,1012.1,1.0,12.0,8.3,0.3561432999170217
2021-10-25,10.1,0.3,4.6,1019.7,1.0,12.0,2.9,0.3561432999170217
2021-10-26,8.1,-0.4,3.7,1023.3,2.0,0.0,0.9,0.3561432999170217
2021-10-27,10.9,-1.0,4.1,1017.1,2.0,0.0,1.5,0.3561432999170217
2021-10-28,11.6,-2.8,4.3,1015.1,1.0,0.0,2.4,0.3561432999170217
2021-10-29,11.6,0.4,5.9,1017.5,1.0,0.0,4.3,0.3561432999170217
2021-10-30,13.4,3.1,7.6,1021.3,3.0,0.0,4.8,0.3561432999170217
2021-10-30,13.4,3.1,7.6,1021.3,3.0,0.0,4.8,-0.03203528186702999
2021-10-31,13.5,4.5,8.7,1016.9,3.0,0.0,6.1,-0.03203528186702999
2021-11-01,17.9,7.7,12.2,1010.7,3.0,0.0,10.2,-0.03203528186702999
2021-11-02,13.6,9.8,11.5,1005.7,2.0,4.0,10.3,-0.03203528186702999
2021-11-03,15.1,9.6,12.4,1008.4,2.0,2.0,11.3,-0.03203528186702999
2021-11-04,19.3,11.1,14.0,1016.9,1.0,0.0,13.9,-0.03203528186702999
2021-11-05,18.0,7.0,12.0,1017.0,2.0,0.0,10.6,-0.03203528186702999
2021-11-06,17.6,7.1,11.2,1013.9,2.0,0.0,9.8,-0.03203528186702999
2021-11-07,11.4,6.8,9.3,1014.6,1.0,0.0,8.5,-0.03203528186702999
2021-11-08,16.6,6.4,11.6,1010.7,1.0,0.0,11.1,-0.03203528186702999
2021-11-09,13.0,5.0,8.6,1009.7,2.0,1.0,7.0,-0.03203528186702999
2021-11-09,13.0,5.0,8.6,1009.7,2.0,1.0,7.0,0.369487880250618
2021-11-10,4.3,0.6,2.8,1021.5,3.0,14.0,-0.5,0.369487880250618
2021-11-11,5.4,-2.1,1.5,1025.0,2.0,0.0,-1.5,0.369487880250618
2021-11-12,11.7,-2.1,4.8,1015.7,2.0,0.0,2.3,0.369487880250618
2021-11-13,10.9,2.9,5.4,1016.1,1.0,0.0,3.8,0.369487880250618
2021-11-14,10.1,2.1,5.2,1017.7,3.0,0.0,2.1,0.369487880250618
2021-11-15,8.6,-0.2,3.2,1016.7,3.0,0.0,-0.2,0.369487880250618
2021-11-16,4.0,-2.9,-0.3,1024.4,3.0,0.0,-4.2,0.369487880250618
2021-11-17,5.7,-5.1,-0.6,1018.0,3.0,0.0,-4.5,0.369487880250618
2021-11-18,7.2,-5.1,0.5,1013.9,2.0,0.0,-2.5,0.369487880250618
2021-11-19,6.3,-0.7,3.2,1007.9,1.0,0.0,1.3,0.369487880250618
2021-11-19,6.3,-0.7,3.2,1007.9,1.0,0.0,1.3,0.38911209174885697
2021-11-20,10.5,3.0,7.2,1001.0,4.0,2.0,3.8,0.38911209174885697
2021-11-21,11.6,3.8,7.2,1005.1,3.0,4.0,4.3,0.38911209174885697
2021-11-22,14.9,3.4,7.7,1006.8,2.0,0.0,5.7,0.38911209174885697
2021-11-23,10.6,2.9,6.7,1005.6,2.0,1.0,4.8,0.38911209174885697
2021-11-24,2.3,-2.0,0.8,1014.0,2.0,9.0,-2.0,0.38911209174885697
2021-11-25,3.0,-4.1,-1.1,1018.1,1.0,0.0,-3.6,0.38911209174885697
2021-11-26,7.0,-3.6,1.4,1012.4,2.0,0.0,-1.5,0.38911209174885697
2021-11-27,6.3,-0.4,3.2,1005.0,3.0,0.0,-0.1,0.38911209174885697
2021-11-28,17.1,4.9,11.4,1002.5,2.0,0.0,9.9,0.38911209174885697
2021-11-29,16.8,7.5,13.1,997.9,2.0,7.0,11.8,0.38911209174885697
2021-11-29,16.8,7.5,13.1,997.9,2.0,7.0,11.8,0.0039076321310746506
2021-11-30,14.0,9.9,11.8,990.8,3.0,7.0,9.9,0.0039076321310746506
2021-12-01,9.7,2.0,5.4,993.7,4.0,6.0,1.6,0.0039076321310746506
2021-12-02,8.1,1.5,4.2,1006.1,2.0,4.0,1.7,0.0039076321310746506
2021-12-03,12.3,1.7,6.2,1008.0,2.0,0.0,3.6,0.0039076321310746506
2021-12-04,15.6,4.6,8.7,1004.1,1.0,0.0,7.0,0.0039076321310746506
2021-12-05,11.8,4.7,8.1,1002.2,2.0,1.0,6.0,0.0039076321310746506
2021-12-06,10.6,4.5,7.3,1009.3,1.0,0.0,6.0,0.0039076321310746506
2021-12-07,14.5,4.5,8.8,1005.7,3.0,0.0,6.0,0.0039076321310746506
2021-12-08,10.6,4.5,7.6,1000.1,3.0,0.0,5.0,0.0039076321310746506
2021-12-09,11.8,5.6,8.6,1007.5,1.0,0.0,7.4,0.0039076321310746506
2021-12-09,11.8,5.6,8.6,1007.5,1.0,0.0,7.4,-0.007328768070311318
2021-12-10,12.1,5.3,8.2,1014.5,1.0,0.0,7.0,-0.007328768070311318
2021-12-11,4.5,2.6,3.4,1015.4,3.0,0.0,0.3,-0.007328768070311318
2021-12-12,3.3,0.9,2.1,1016.7,4.0,0.0,-1.9,-0.007328768070311318
2021-12-13,8.3,0.8,3.7,1012.1,4.0,0.0,-0.3,-0.007328768070311318
2021-12-14,9.2,2.3,5.6,1008.4,2.0,0.0,3.2,-0.007328768070311318
2021-12-15,7.6,5.0,6.2,1007.5,3.0,0.0,3.4,-0.007328768070311318
2021-12-16,5.5,4.6,4.9,1009.6,2.0,0.0,2.6,-0.007328768070311318
2021-12-17,5.0,2.5,4.0,1002.2,1.0,3.0,2.3,-0.007328768070311318
2021-12-18,3.9,1.4,2.1,1003.2,2.0,2.0,-0.6,-0.007328768070311318
2021-12-19,3.8,0.3,1.9,1002.3,3.0,0.0,-1.6,-0.007328768070311318
2021-12-19,3.8,0.3,1.9,1002.3,3.0,0.0,-1.6,0.0059945268809741365
2021-12-20,5.7,0.2,3.0,993.7,2.0,1.0,0.4,0.0059945268809741365
2021-12-21,2.7,-1.5,0.1,1000.1,1.0,10.0,-2.2,0.0059945268809741365
